id,first_name,last_name,email,gender
1,Sam,Kaufman,skaufman0@xinhuanet.com,Male
2,Fidole,Warry,fwarry1@1688.com,Male
3,Pavia,Siburn,psiburn2@google.it,Female
4,Peterus,Lorking,plorking3@freewebs.com,Male
5,Kylie,Ricketts,kricketts4@exblog.jp,Male
6,Della,Robshaw,drobshaw5@blogger.com,Female
7,Boy,Pidgeley,bpidgeley6@nsw.gov.au,Male
8,Jacques,Dionisi,jdionisi7@economist.com,Male
9,Brose,Spiller,bspiller8@prweb.com,Male
10,Davine,Bilbie,dbilbie9@squidoo.com,Female
11,Sibelle,Petracek,spetraceka@stanford.edu,Female
12,Shannen,Wickins,swickinsb@auda.org.au,Female
13,Marcella,Esselen,messelenc@liveinternet.ru,Female
14,Cullin,Ramsier,cramsierd@army.mil,Male
15,Brander,Blanket,bblankete@weather.com,Male
16,Leonanie,Cleworth,lcleworthf@clickbank.net,Female
17,Duffy,Slowan,dslowang@foxnews.com,Male
18,Homer,Birkenshaw,hbirkenshawh@ameblo.jp,Male
19,Rutledge,Karlolak,rkarlolaki@example.com,Male
20,Giffie,Swindall,gswindallj@nydailynews.com,Male
21,Jaymie,Bortoluzzi,jbortoluzzik@state.gov,Male
22,Ari,Barlass,abarlassl@multiply.com,Male
23,Lauren,Lowings,llowingsm@slate.com,Female
24,Sybilla,Diggles,sdigglesn@walmart.com,Female
25,Leland,Bourner,lbournero@last.fm,Female
26,Tatum,Mill,tmillp@cdbaby.com,Female
27,Tracee,Clewlowe,tclewloweq@dmoz.org,Polygender
28,Camala,MacFaul,cmacfaulr@army.mil,Female
29,Andie,Restall,arestalls@cafepress.com,Male
30,Ivy,Bagott,ibagottt@4shared.com,Female
31,Luci,Nickels,lnickelsu@salon.com,Female
32,Menard,Fowgies,mfowgiesv@hp.com,Male
33,Stavros,Brookshaw,sbrookshaww@discovery.com,Male
34,Lizbeth,Woodfine,lwoodfinex@springer.com,Bigender
35,Paolo,McCuis,pmccuisy@earthlink.net,Male
36,Tommy,Primmer,tprimmerz@wordpress.com,Male
37,Cordell,Valadez,cvaladez10@issuu.com,Male
38,Wynn,Broderick,wbroderick11@unicef.org,Female
39,Bink,Dodsley,bdodsley12@prnewswire.com,Male
40,Gifford,Tummons,gtummons13@1688.com,Male
41,Roscoe,Speenden,rspeenden14@cargocollective.com,Male
42,Jule,Manoch,jmanoch15@opensource.org,Male
43,Violette,Regelous,vregelous16@imdb.com,Genderqueer
44,Emmet,Secker,esecker17@nih.gov,Male
45,Fredek,Souten,fsouten18@amazonaws.com,Male
46,Giraldo,Garnam,ggarnam19@economist.com,Male
47,Kliment,Badwick,kbadwick1a@wikimedia.org,Male
48,Oliy,Topp,otopp1b@indiegogo.com,Female
49,Arnold,Jefferd,ajefferd1c@si.edu,Male
50,Gerhard,Lucio,glucio1d@networksolutions.com,Male
51,Bernard,Stare,bstare1e@amazon.com,Male
52,Freemon,Reisenstein,freisenstein1f@businesswire.com,Male
53,Larina,McKune,lmckune1g@wufoo.com,Bigender
54,Colman,Dietmar,cdietmar1h@webeden.co.uk,Male
55,Sinclair,Tournie,stournie1i@odnoklassniki.ru,Male
56,Marjory,Altamirano,maltamirano1j@1und1.de,Female
57,Pryce,Titt,ptitt1k@weibo.com,Male
58,Any,Poulney,apoulney1l@lycos.com,Male
59,Rooney,Cordingly,rcordingly1m@time.com,Male
60,Darin,Gorusso,dgorusso1n@google.cn,Male
61,Adelaida,Bellsham,abellsham1o@unc.edu,Female
62,Genny,Filipic,gfilipic1p@admin.ch,Female
63,Anet,Kebell,akebell1q@usda.gov,Genderqueer
64,Araldo,Hallyburton,ahallyburton1r@usa.gov,Male
65,Ed,Prowting,eprowting1s@seesaa.net,Male
66,Hermon,Welbrock,hwelbrock1t@prweb.com,Male
67,Tracey,Melonby,tmelonby1u@sun.com,Female
68,Caron,Baylay,cbaylay1v@wunderground.com,Female
69,Shawna,Noseworthy,snoseworthy1w@about.com,Female
70,Curtis,Reye,creye1x@xinhuanet.com,Male
71,Francklin,De Cristofalo,fdecristofalo1y@blinklist.com,Male
72,Suzanna,Denisevich,sdenisevich1z@npr.org,Genderqueer
73,Archibold,Holley,aholley20@dion.ne.jp,Male
74,Laughton,Ladell,lladell21@freewebs.com,Male
75,Woodman,Pitsall,wpitsall22@paypal.com,Male
76,Lowell,Paynter,lpaynter23@java.com,Male
77,Herculie,Pickwell,hpickwell24@nih.gov,Male
78,Clerc,Rallings,crallings25@taobao.com,Male
79,Tybalt,Soeiro,tsoeiro26@cafepress.com,Male
80,Maurise,Goode,mgoode27@newyorker.com,Male
81,Benoit,Colbran,bcolbran28@rakuten.co.jp,Male
82,Gill,Cote,gcote29@state.tx.us,Female
83,Zach,De Domenicis,zdedomenicis2a@domainmarket.com,Male
84,Fitzgerald,MacColgan,fmaccolgan2b@ibm.com,Male
85,Mora,Bruggeman,mbruggeman2c@youku.com,Female
86,Timothy,Baldrick,tbaldrick2d@wunderground.com,Male
87,Angel,McGlashan,amcglashan2e@desdev.cn,Male
88,Waverley,Epton,wepton2f@sina.com.cn,Male
89,Nance,Hebson,nhebson2g@webmd.com,Female
90,Lothaire,Petters,lpetters2h@google.de,Male
91,Aggi,Wittey,awittey2i@miibeian.gov.cn,Female
92,Petronille,Libbey,plibbey2j@tuttocitta.it,Female
93,Tonnie,Tremeer,ttremeer2k@rakuten.co.jp,Male
94,Shelbi,Hallwell,shallwell2l@soundcloud.com,Female
95,Lion,Wharf,lwharf2m@acquirethisname.com,Male
96,Carlos,Farr,cfarr2n@telegraph.co.uk,Male
97,Laughton,Guerro,lguerro2o@barnesandnoble.com,Male
98,Alfie,Ambrose,aambrose2p@bizjournals.com,Male
99,Ame,Tilbrook,atilbrook2q@narod.ru,Female
100,Devinne,Whelpdale,dwhelpdale2r@bluehost.com,Non-binary
101,Rickey,Illem,rillem2s@flickr.com,Non-binary
102,Abner,Grioli,agrioli2t@slate.com,Male
103,Jesse,Pope,jpope2u@imgur.com,Female
104,Lynette,Gherardi,lgherardi2v@amazon.co.jp,Female
105,Kristofer,Leaning,kleaning2w@wordpress.org,Male
106,Matty,Allix,mallix2x@artisteer.com,Genderfluid
107,Kathye,Carlesso,kcarlesso2y@google.co.jp,Female
108,Celestyn,Goldis,cgoldis2z@cafepress.com,Female
109,Woodie,Caudrelier,wcaudrelier30@berkeley.edu,Male
110,Rad,Pordal,rpordal31@umn.edu,Male
111,Pierce,Boyall,pboyall32@nytimes.com,Male
112,Julio,McBayne,jmcbayne33@symantec.com,Male
113,Rowan,Rozea,rrozea34@sitemeter.com,Male
114,Hobie,Feehely,hfeehely35@dyndns.org,Male
115,Dominick,Mouser,dmouser36@ftc.gov,Male
116,Willie,Isenor,wisenor37@netvibes.com,Male
117,Filbert,Mullane,fmullane38@wordpress.com,Male
118,Georgi,Royds,groyds39@edublogs.org,Male
119,Hyacinthe,Wright,hwright3a@infoseek.co.jp,Female
120,Mortie,Belcher,mbelcher3b@wix.com,Genderqueer
121,Conney,Girodier,cgirodier3c@com.com,Male
122,Rosalynd,Jearum,rjearum3d@earthlink.net,Female
123,Hollyanne,Little,hlittle3e@usatoday.com,Female
124,Shara,Bohler,sbohler3f@whitehouse.gov,Female
125,Zarah,Rispin,zrispin3g@ustream.tv,Female
126,Teodorico,Willicott,twillicott3h@utexas.edu,Male
127,Jeramie,Nicklen,jnicklen3i@nbcnews.com,Male
128,Hubey,Sansbury,hsansbury3j@pbs.org,Male
129,Harriot,Costerd,hcosterd3k@senate.gov,Female
130,Annabella,Cargenven,acargenven3l@canalblog.com,Female
131,Yale,Martinovsky,ymartinovsky3m@intel.com,Male
132,Orson,O'Sharkey,oosharkey3n@amazon.de,Bigender
133,Hunter,Wormell,hwormell3o@dailymotion.com,Male
134,Stevie,Hamill,shamill3p@ed.gov,Male
135,Charlotte,Doni,cdoni3q@illinois.edu,Female
136,Shaina,Ruffle,sruffle3r@wikia.com,Non-binary
137,Batholomew,Bye,bbye3s@dropbox.com,Male
138,Yolande,Ellin,yellin3t@salon.com,Bigender
139,Karlens,O'Crotty,kocrotty3u@ft.com,Male
140,Cammi,Sobtka,csobtka3v@redcross.org,Female
141,Auroora,Crossthwaite,acrossthwaite3w@elpais.com,Agender
142,Nike,Arnald,narnald3x@eepurl.com,Female
143,Wolfy,Boyland,wboyland3y@surveymonkey.com,Male
144,Hayyim,Gatchell,hgatchell3z@wisc.edu,Male
145,Joachim,Tigner,jtigner40@csmonitor.com,Male
146,Mirabel,Hudspith,mhudspith41@xing.com,Female
147,Heda,Forten,hforten42@ask.com,Female
148,Daryle,Pleuman,dpleuman43@umich.edu,Male
149,Alena,Achromov,aachromov44@constantcontact.com,Female
150,Zachariah,Tubridy,ztubridy45@tmall.com,Male
151,Oralee,Smye,osmye46@who.int,Female
152,Karol,Blandamere,kblandamere47@census.gov,Female
153,Lisha,Duffill,lduffill48@wix.com,Female
154,Joan,Piotrowski,jpiotrowski49@tuttocitta.it,Female
155,Kamillah,Callander,kcallander4a@hp.com,Female
156,Barnie,Blewmen,bblewmen4b@purevolume.com,Male
157,Duky,Scriviner,dscriviner4c@stumbleupon.com,Male
158,Heda,Stiegar,hstiegar4d@cdc.gov,Genderqueer
159,Zola,Domenici,zdomenici4e@about.me,Female
160,Maxwell,Moreing,mmoreing4f@pinterest.com,Male
161,Felizio,Elington,felington4g@sakura.ne.jp,Male
162,Sallyanne,Hoyte,shoyte4h@dmoz.org,Female
163,Zita,Marchent,zmarchent4i@alibaba.com,Female
164,Parsifal,Spreckley,pspreckley4j@google.cn,Male
165,Paulette,Huyge,phuyge4k@zdnet.com,Female
166,Kingsley,Persitt,kpersitt4l@over-blog.com,Male
167,Denver,Van der Krui,dvanderkrui4m@miitbeian.gov.cn,Male
168,Boony,Starsmeare,bstarsmeare4n@livejournal.com,Male
169,Laurella,Jantel,ljantel4o@dion.ne.jp,Genderfluid
170,Daffi,Hansley,dhansley4p@reverbnation.com,Genderfluid
171,Towney,Gettins,tgettins4q@mozilla.org,Male
172,Roddie,Ivanov,rivanov4r@bloomberg.com,Male
173,Nichole,Troth,ntroth4s@wiley.com,Bigender
174,Lulu,Ffoulkes,lffoulkes4t@usda.gov,Female
175,Cecilio,Dotson,cdotson4u@wisc.edu,Genderqueer
176,Inigo,Grishelyov,igrishelyov4v@nasa.gov,Polygender
177,Eldredge,Helsby,ehelsby4w@yellowpages.com,Male
178,Renard,McBean,rmcbean4x@reddit.com,Genderqueer
179,Emlen,Stenner,estenner4y@google.co.uk,Male
180,Jessa,Claibourn,jclaibourn4z@newyorker.com,Female
181,Britteny,Doige,bdoige50@about.com,Female
182,Delmor,Kyme,dkyme51@howstuffworks.com,Male
183,Zorine,Blackborne,zblackborne52@wsj.com,Female
184,Whittaker,Jeskin,wjeskin53@tuttocitta.it,Male
185,Torie,Keatley,tkeatley54@cafepress.com,Female
186,Constantine,Pitblado,cpitblado55@cloudflare.com,Female
187,Kennith,Huddle,khuddle56@state.gov,Male
188,Loraine,Curnucke,lcurnucke57@plala.or.jp,Female
189,Matt,Discombe,mdiscombe58@adobe.com,Male
190,Leena,Soro,lsoro59@blogtalkradio.com,Female
191,Niven,Varndell,nvarndell5a@comsenz.com,Male
192,Iormina,MacNaughton,imacnaughton5b@nymag.com,Female
193,Corrina,Jasik,cjasik5c@economist.com,Female
194,Nerta,Pabst,npabst5d@photobucket.com,Female
195,Leeann,Cromblehome,lcromblehome5e@mysql.com,Female
196,Sanders,Gemmill,sgemmill5f@amazonaws.com,Male
197,Sherlock,Skeates,sskeates5g@addtoany.com,Male
198,Dionisio,Jobe,djobe5h@ihg.com,Male
199,Brynn,Pullan,bpullan5i@ca.gov,Female
200,Hanson,D'Ruel,hdruel5j@gmpg.org,Genderfluid
201,Kit,Alvarez,kalvarez5k@pinterest.com,Female
202,Paco,Heald,pheald5l@google.ca,Male
203,Vin,Coakley,vcoakley5m@netscape.com,Female
204,Dorris,Eacott,deacott5n@blog.com,Female
205,Myrwyn,Riding,mriding5o@yellowbook.com,Male
206,Rori,Sabey,rsabey5p@typepad.com,Female
207,Khalil,Polak,kpolak5q@howstuffworks.com,Male
208,Cindi,Jobin,cjobin5r@exblog.jp,Female
209,Lucian,Jirka,ljirka5s@unc.edu,Male
210,Waiter,Garrioch,wgarrioch5t@ibm.com,Male
211,Emmet,Haller,ehaller5u@example.com,Male
212,Packston,Overnell,povernell5v@diigo.com,Male
213,Susi,Cranidge,scranidge5w@twitter.com,Female
214,Winfield,Billingsley,wbillingsley5x@chronoengine.com,Male
215,Dona,Offell,doffell5y@fema.gov,Female
216,Mariann,Janda,mjanda5z@indiatimes.com,Female
217,Torrie,Petrazzi,tpetrazzi60@google.com.au,Polygender
218,Nichole,Reymers,nreymers61@digg.com,Female
219,Hort,Derwin,hderwin62@eepurl.com,Male
220,Becki,Arnott,barnott63@photobucket.com,Genderfluid
221,Filberte,Weller,fweller64@youku.com,Male
222,Ibby,Jinkins,ijinkins65@howstuffworks.com,Female
223,Tanner,Deport,tdeport66@amazonaws.com,Male
224,Eleanore,Izak,eizak67@ed.gov,Female
225,Rennie,Jacquot,rjacquot68@msn.com,Female
226,Egbert,Gilffillan,egilffillan69@printfriendly.com,Male
227,Gwendolin,Rowell,growell6a@xinhuanet.com,Female
228,Bram,Renshell,brenshell6b@auda.org.au,Male
229,Jaime,Elger,jelger6c@jugem.jp,Male
230,Saunders,Kindread,skindread6d@skyrock.com,Male
231,Dagny,Hamments,dhamments6e@1688.com,Male
232,Yoshiko,Dowdeswell,ydowdeswell6f@multiply.com,Female
233,Dominick,Cornelleau,dcornelleau6g@kickstarter.com,Male
234,Arabela,Shayes,ashayes6h@furl.net,Female
235,Gretchen,Christer,gchrister6i@princeton.edu,Female
236,Loutitia,Crankshaw,lcrankshaw6j@comcast.net,Female
237,Nissa,Rehme,nrehme6k@mysql.com,Female
238,Missie,Hutley,mhutley6l@geocities.jp,Female
239,Mia,Oulner,moulner6m@nymag.com,Female
240,Carlynn,Tootal,ctootal6n@mozilla.org,Female
241,Prince,Keener,pkeener6o@t.co,Male
242,Marian,Cocksedge,mcocksedge6p@nsw.gov.au,Female
243,Kent,Cleal,kcleal6q@usnews.com,Male
244,Rhys,Harnett,rharnett6r@skype.com,Male
245,Cord,Summerly,csummerly6s@hp.com,Male
246,Waylan,Vakhrushin,wvakhrushin6t@ocn.ne.jp,Male
247,Sherilyn,Youde,syoude6u@e-recht24.de,Polygender
248,Lyon,Bennion,lbennion6v@photobucket.com,Male
249,Krysta,McFetridge,kmcfetridge6w@marketwatch.com,Genderqueer
250,Hagen,Jamson,hjamson6x@ovh.net,Male
251,Judd,Figurski,jfigurski6y@washingtonpost.com,Male
252,Sarita,Brownlie,sbrownlie6z@washington.edu,Female
253,Theresina,Giraudot,tgiraudot70@cdbaby.com,Female
254,Barbie,Bastiman,bbastiman71@xrea.com,Female
255,Adaline,Maccraw,amaccraw72@booking.com,Female
256,Freemon,Aleksic,faleksic73@opera.com,Male
257,Elsey,Debold,edebold74@msn.com,Female
258,Gregg,Castell,gcastell75@people.com.cn,Male
259,Sammie,Imlach,simlach76@domainmarket.com,Male
260,Sukey,Ickov,sickov77@amazon.co.jp,Female
261,Fanya,Mohammed,fmohammed78@flavors.me,Female
262,Philly,Wittey,pwittey79@canalblog.com,Female
263,Matti,Enser,menser7a@xing.com,Female
264,Tildy,Daly,tdaly7b@twitpic.com,Female
265,Erinn,Buttrum,ebuttrum7c@myspace.com,Non-binary
266,Stephen,L' Estrange,slestrange7d@sina.com.cn,Male
267,Lurline,Donaldson,ldonaldson7e@washington.edu,Female
268,Rasla,Haggar,rhaggar7f@tripod.com,Female
269,Walton,Robshaw,wrobshaw7g@jiathis.com,Male
270,Aurelea,Bennen,abennen7h@homestead.com,Female
271,Ettie,Avramovich,eavramovich7i@scientificamerican.com,Female
272,Brnaby,Muslim,bmuslim7j@usda.gov,Male
273,Darrel,Sainte Paul,dsaintepaul7k@patch.com,Male
274,Ignacio,Rosenfelder,irosenfelder7l@wp.com,Male
275,Wynne,Duprey,wduprey7m@g.co,Female
276,Leyla,Handrahan,lhandrahan7n@mapy.cz,Female
277,Keelia,Pietrzyk,kpietrzyk7o@rediff.com,Female
278,Maria,Deniso,mdeniso7p@chronoengine.com,Female
279,Teena,Wild,twild7q@narod.ru,Female
280,Mikel,Le Fevre,mlefevre7r@delicious.com,Male
281,Aileen,Muckart,amuckart7s@ebay.co.uk,Female
282,Hanan,Lodden,hlodden7t@archive.org,Male
283,Lauretta,Matveiko,lmatveiko7u@bloomberg.com,Female
284,Nicky,Pirdy,npirdy7v@instagram.com,Male
285,Liam,Mitchinson,lmitchinson7w@hostgator.com,Male
286,Loree,Dublin,ldublin7x@toplist.cz,Female
287,Ardyth,Schwieso,aschwieso7y@tinypic.com,Female
288,Errick,Roget,eroget7z@reverbnation.com,Male
289,Karlyn,Jiran,kjiran80@stanford.edu,Female
290,Bunny,Jeavons,bjeavons81@usnews.com,Female
291,Burtie,Minty,bminty82@apple.com,Male
292,Mallorie,Pepye,mpepye83@seattletimes.com,Female
293,Luelle,MacVagh,lmacvagh84@51.la,Female
294,Emmalynn,McKane,emckane85@sfgate.com,Female
295,Sandy,Jarrelt,sjarrelt86@google.de,Male
296,Horatius,Durrad,hdurrad87@biblegateway.com,Non-binary
297,Hetty,Haddock,hhaddock88@opensource.org,Female
298,Rayna,Sheber,rsheber89@slideshare.net,Female
299,Mic,Boustead,mboustead8a@taobao.com,Male
300,Jemie,Klaaassen,jklaaassen8b@addthis.com,Female
301,Bridget,Rowthorn,browthorn8c@timesonline.co.uk,Bigender
302,Pebrook,Fernely,pfernely8d@chicagotribune.com,Male
303,Patrice,Parkyns,pparkyns8e@ibm.com,Female
304,Beatrice,Erangey,berangey8f@instagram.com,Polygender
305,Rosaline,Welland,rwelland8g@about.com,Female
306,Vito,Donalson,vdonalson8h@usnews.com,Bigender
307,Lincoln,Berr,lberr8i@zimbio.com,Male
308,Thomas,Arnet,tarnet8j@cargocollective.com,Male
309,Joanie,Davidsohn,jdavidsohn8k@nature.com,Female
310,Jud,Gladeche,jgladeche8l@answers.com,Male
311,Jereme,Doerling,jdoerling8m@shop-pro.jp,Male
312,Olwen,Menico,omenico8n@yahoo.co.jp,Female
313,Nelie,Simonato,nsimonato8o@dropbox.com,Agender
314,Leslie,Taffrey,ltaffrey8p@github.io,Male
315,Courtnay,Channing,cchanning8q@marriott.com,Male
316,Joanie,Blyth,jblyth8r@fc2.com,Female
317,Rosalyn,Scroggins,rscroggins8s@cornell.edu,Female
318,Kaia,Bambra,kbambra8t@umich.edu,Female
319,Shelton,Moakson,smoakson8u@netvibes.com,Male
320,Holden,Delves,hdelves8v@accuweather.com,Male
321,Hayley,Pree,hpree8w@washingtonpost.com,Female
322,Terra,Lear,tlear8x@sbwire.com,Female
323,Davina,Gauler,dgauler8y@tripod.com,Female
324,Lanette,Macconaghy,lmacconaghy8z@examiner.com,Female
325,Wilhelm,Dooher,wdooher90@discuz.net,Male
326,Shantee,Marklew,smarklew91@wix.com,Female
327,Anallise,Senecaut,asenecaut92@hugedomains.com,Female
328,Fanchon,Sergant,fsergant93@eepurl.com,Female
329,Morten,Danslow,mdanslow94@moonfruit.com,Non-binary
330,Lock,Speer,lspeer95@cnn.com,Male
331,Madelena,Kliment,mkliment96@webeden.co.uk,Female
332,Roanne,Chittey,rchittey97@addtoany.com,Female
333,Zoe,Faux,zfaux98@mapquest.com,Female
334,Cilka,Van Brug,cvanbrug99@goo.ne.jp,Female
335,Sonny,Isac,sisac9a@pagesperso-orange.fr,Female
336,Maurizio,DeSousa,mdesousa9b@naver.com,Male
337,Fernande,Korneluk,fkorneluk9c@amazon.de,Female
338,Cullen,Twiname,ctwiname9d@slideshare.net,Male
339,Sammy,Washington,swashington9e@networkadvertising.org,Agender
340,Adiana,Matthis,amatthis9f@csmonitor.com,Female
341,Winnie,Vondrach,wvondrach9g@360.cn,Female
342,Tandi,Patry,tpatry9h@bandcamp.com,Female
343,Lacee,O'Duane,loduane9i@eepurl.com,Female
344,Greta,Haveline,ghaveline9j@hatena.ne.jp,Female
345,Hayden,Goodbody,hgoodbody9k@nydailynews.com,Male
346,Bartie,Corbyn,bcorbyn9l@prlog.org,Male
347,Caroljean,Antognazzi,cantognazzi9m@blog.com,Female
348,Mirelle,Goman,mgoman9n@oakley.com,Female
349,Redford,Entreis,rentreis9o@nymag.com,Male
350,Abba,Beniesh,abeniesh9p@intel.com,Male
351,Shari,Falconar,sfalconar9q@163.com,Female
352,Antonietta,Fairburn,afairburn9r@stumbleupon.com,Non-binary
353,Inge,Gilluley,igilluley9s@gravatar.com,Female
354,Jojo,Zieme,jzieme9t@mac.com,Female
355,Greggory,Madden,gmadden9u@reverbnation.com,Genderqueer
356,Adolphe,Bucke,abucke9v@nydailynews.com,Male
357,Leonard,Hemmingway,lhemmingway9w@msu.edu,Male
358,Carleton,Coye,ccoye9x@dot.gov,Male
359,Anallese,Kinane,akinane9y@cbsnews.com,Female
360,Nelly,Hacun,nhacun9z@topsy.com,Female
361,Gill,Dimnage,gdimnagea0@ycombinator.com,Non-binary
362,Kelila,Longstreeth,klongstreetha1@tuttocitta.it,Female
363,Godfrey,Buche,gbuchea2@amazon.de,Male
364,Ailsun,Trodler,atrodlera3@google.co.uk,Female
365,Trace,Tytterton,ttyttertona4@imgur.com,Male
366,Aldrich,Rockwill,arockwilla5@blinklist.com,Male
367,Stefan,McGarry,smcgarrya6@mashable.com,Male
368,Shelley,Edson,sedsona7@theatlantic.com,Female
369,Denny,Pole,dpolea8@wikipedia.org,Agender
370,Drona,Odam,dodama9@live.com,Female
371,Sheffie,Leavry,sleavryaa@nps.gov,Male
372,Davide,Habishaw,dhabishawab@hc360.com,Male
373,Jarvis,Gellier,jgellierac@google.ca,Male
374,Pascale,Crose,pcrosead@businessweek.com,Male
375,Rayshell,Hucker,rhuckerae@moonfruit.com,Female
376,Hynda,Duckitt,hduckittaf@patch.com,Genderfluid
377,Kelly,Deplacido,kdeplacidoag@google.fr,Female
378,Bren,Guitt,bguittah@xrea.com,Male
379,Denise,Argile,dargileai@icio.us,Female
380,Myra,Herety,mheretyaj@cnbc.com,Female
381,Daisy,Jozwik,djozwikak@arstechnica.com,Female
382,Marley,Tooke,mtookeal@cloudflare.com,Polygender
383,Timotheus,Pellatt,tpellattam@gov.uk,Genderfluid
384,Marven,Meade,mmeadean@ca.gov,Male
385,Megen,Trever,mtreverao@netscape.com,Female
386,Stanislas,Shemmin,sshemminap@blinklist.com,Male
387,Gloriana,Baudichon,gbaudichonaq@nytimes.com,Female
388,Don,Dahlback,ddahlbackar@sitemeter.com,Male
389,Brittne,Allsep,ballsepas@simplemachines.org,Female
390,Ingar,Golt,igoltat@bloomberg.com,Male
391,Leelah,Breens,lbreensau@marriott.com,Female
392,Frannie,Antonucci,fantonucciav@blogs.com,Female
393,Cherrita,Baldacchi,cbaldacchiaw@exblog.jp,Female
394,Colas,Havis,chavisax@sogou.com,Male
395,Arturo,Rzehorz,arzehorzay@pen.io,Male
396,Darrin,Sears,dsearsaz@java.com,Male
397,Flint,Barke,fbarkeb0@cloudflare.com,Male
398,Violetta,Knappitt,vknappittb1@chron.com,Female
399,Taite,Dayton,tdaytonb2@ibm.com,Male
400,Nicky,Innman,ninnmanb3@amazon.co.uk,Female
401,L;urette,Joncic,ljoncicb4@nhs.uk,Female
402,Dov,Haylands,dhaylandsb5@1und1.de,Male
403,Sofia,Wyer,swyerb6@nyu.edu,Female
404,Denice,Bineham,dbinehamb7@free.fr,Female
405,Templeton,Tother,ttotherb8@is.gd,Male
406,Giulia,Rupp,gruppb9@vistaprint.com,Female
407,Sayre,Brise,sbriseba@alibaba.com,Female
408,Boote,Rzehor,brzehorbb@auda.org.au,Male
409,Carola,Allred,callredbc@princeton.edu,Female
410,Silvester,Deegin,sdeeginbd@bbc.co.uk,Male
411,Franklin,Worshall,fworshallbe@mtv.com,Male
412,Ilyse,Velasquez,ivelasquezbf@plala.or.jp,Female
413,Ricki,Allbones,rallbonesbg@free.fr,Female
414,Rebecka,Lebell,rlebellbh@nasa.gov,Female
415,Keary,Tripon,ktriponbi@sohu.com,Male
416,Peadar,Waldron,pwaldronbj@phpbb.com,Genderfluid
417,Arlen,Paridge,aparidgebk@hubpages.com,Female
418,Lawton,Truter,ltruterbl@abc.net.au,Male
419,Karim,Yankin,kyankinbm@edublogs.org,Male
420,Jacquie,Jeremaes,jjeremaesbn@ox.ac.uk,Female
421,Rina,Deble,rdeblebo@acquirethisname.com,Female
422,Teressa,Wisher,twisherbp@tripadvisor.com,Female
423,Kris,Huckel,khuckelbq@webnode.com,Male
424,Hanni,Gerssam,hgerssambr@google.es,Female
425,Stirling,Cressor,scressorbs@smugmug.com,Male
426,Marco,Dartnell,mdartnellbt@alibaba.com,Male
427,Merry,Middiff,mmiddiffbu@fastcompany.com,Male
428,Zelda,Rawlence,zrawlencebv@epa.gov,Polygender
429,Florette,Saintsbury,fsaintsburybw@msn.com,Female
430,Zackariah,Loughhead,zloughheadbx@hud.gov,Male
431,Artemus,Gutteridge,agutteridgeby@jiathis.com,Polygender
432,Britteny,Whitlam,bwhitlambz@sbwire.com,Female
433,Gloriana,Dunn,gdunnc0@ucsd.edu,Female
434,Arnoldo,Buckner,abucknerc1@foxnews.com,Male
435,Lebbie,Augur,laugurc2@sohu.com,Female
436,Everard,Amorts,eamortsc3@xrea.com,Male
437,Orella,Cripwell,ocripwellc4@smugmug.com,Female
438,Cissy,Gillott,cgillottc5@marriott.com,Female
439,Paco,Rediers,prediersc6@istockphoto.com,Male
440,Lanita,Ellin,lellinc7@goodreads.com,Female
441,Bartlett,Piquard,bpiquardc8@liveinternet.ru,Male
442,Levy,Yanyshev,lyanyshevc9@g.co,Male
443,Carmela,Brickell,cbrickellca@privacy.gov.au,Female
444,Trina,Pesterfield,tpesterfieldcb@vk.com,Female
445,Drusy,Elcy,delcycc@symantec.com,Female
446,Loise,Durie,lduriecd@ycombinator.com,Female
447,Nonie,Castagnasso,ncastagnassoce@nytimes.com,Female
448,Ashley,Daelman,adaelmancf@lycos.com,Male
449,Debby,Izzard,dizzardcg@un.org,Female
450,Benyamin,Heaney`,bheaneych@squarespace.com,Male
451,Natassia,Blader,nbladerci@go.com,Female
452,Bevin,Flowers,bflowerscj@histats.com,Male
453,Jarret,Aldrich,jaldrichck@yandex.ru,Male
454,Karen,Dann,kdanncl@360.cn,Female
455,Anne,Manclark,amanclarkcm@ask.com,Female
456,Carma,Girdlestone,cgirdlestonecn@theatlantic.com,Female
457,Evyn,Hamshar,ehamsharco@google.it,Genderqueer
458,Wes,Sheardown,wsheardowncp@nsw.gov.au,Male
459,Billi,Lukock,blukockcq@omniture.com,Female
460,Swen,Pirrone,spirronecr@si.edu,Male
461,Matilda,Povey,mpoveycs@globo.com,Female
462,Missy,Durden,mdurdenct@buzzfeed.com,Female
463,Brockie,Talton,btaltoncu@hc360.com,Male
464,Waylin,Ferri,wferricv@booking.com,Male
465,Cordey,Fullstone,cfullstonecw@aol.com,Female
466,Clare,Bubeer,cbubeercx@cbslocal.com,Female
467,Woodman,Dignon,wdignoncy@baidu.com,Agender
468,Shadow,Caskie,scaskiecz@cbsnews.com,Male
469,Minor,Gateley,mgateleyd0@weebly.com,Male
470,Sinclair,Spanton,sspantond1@example.com,Male
471,Symon,Hacksby,shacksbyd2@telegraph.co.uk,Male
472,Holt,Scramage,hscramaged3@wp.com,Male
473,Kelly,Hambatch,khambatchd4@nyu.edu,Male
474,Tiebold,Paradis,tparadisd5@networksolutions.com,Male
475,Felisha,Gionettitti,fgionettittid6@cdbaby.com,Female
476,Natassia,Lapham,nlaphamd7@hao123.com,Female
477,Tristan,Lowrie,tlowried8@4shared.com,Male
478,Jess,Sproul,jsprould9@indiegogo.com,Male
479,Errol,Dunkirk,edunkirkda@tamu.edu,Male
480,Wilt,Corringham,wcorringhamdb@eepurl.com,Male
481,Dillon,Kinahan,dkinahandc@yandex.ru,Male
482,Carmine,Nollet,cnolletdd@123-reg.co.uk,Genderqueer
483,Rollins,Martignoni,rmartignonide@tripadvisor.com,Male
484,Maximilian,McShirrie,mmcshirriedf@ucoz.ru,Male
485,Romeo,Stock,rstockdg@theglobeandmail.com,Male
486,Orelee,Jeger,ojegerdh@moonfruit.com,Female
487,Aloise,Trask,atraskdi@bbb.org,Female
488,Fifine,Cleynman,fcleynmandj@photobucket.com,Female
489,Clayson,Hedylstone,chedylstonedk@usgs.gov,Male
490,Orsa,Trimbey,otrimbeydl@yahoo.com,Female
491,Scotty,Lindsay,slindsaydm@patch.com,Male
492,Therese,Henrot,thenrotdn@sciencedaily.com,Female
493,Heloise,Burgwyn,hburgwyndo@tinyurl.com,Female
494,Kimmi,McGonnell,kmcgonnelldp@cyberchimps.com,Female
495,Terri,Bysh,tbyshdq@senate.gov,Female
496,Art,Coggles,acogglesdr@ox.ac.uk,Male
497,Merrilee,Polon,mpolonds@auda.org.au,Female
498,Louella,Pusill,lpusilldt@washington.edu,Genderqueer
499,Hector,Gabits,hgabitsdu@privacy.gov.au,Male
500,Melodee,Kennagh,mkennaghdv@sina.com.cn,Female
501,Dicky,Braddock,dbraddockdw@joomla.org,Male
502,Elwin,Drewes,edrewesdx@hibu.com,Male
503,Xaviera,Phear,xpheardy@typepad.com,Female
504,Dareen,Cubbinelli,dcubbinellidz@gov.uk,Female
505,Ravid,Brackenridge,rbrackenridgee0@miibeian.gov.cn,Agender
506,Kingston,Izaks,kizakse1@rakuten.co.jp,Male
507,Keefer,Newberry,knewberrye2@topsy.com,Male
508,Odo,Daubney,odaubneye3@washingtonpost.com,Male
509,Terrill,Briztman,tbriztmane4@yelp.com,Male
510,Anya,Fulbrook,afulbrooke5@amazonaws.com,Polygender
511,Travis,Dabrowski,tdabrowskie6@slideshare.net,Male
512,Lance,Sills,lsillse7@free.fr,Male
513,Willis,Guiraud,wguiraude8@themeforest.net,Male
514,Adrian,Aburrow,aaburrowe9@deviantart.com,Female
515,Anthea,Neljes,aneljesea@bing.com,Female
516,Edi,Yockley,eyockleyeb@shareasale.com,Female
517,Sibley,Morratt,smorrattec@exblog.jp,Female
518,Byran,Dawdry,bdawdryed@sciencedaily.com,Male
519,Der,Nassi,dnassiee@cpanel.net,Male
520,Joela,Mungane,jmunganeef@bigcartel.com,Female
521,Mahmoud,De Beneditti,mdebenedittieg@google.com.au,Male
522,Ashlin,D'Adamo,adadamoeh@google.pl,Male
523,Nari,Gillinghams,ngillinghamsei@nih.gov,Female
524,Aimee,Privost,aprivostej@posterous.com,Female
525,Andrew,McClay,amcclayek@bloomberg.com,Male
526,Phaedra,Yare,pyareel@hatena.ne.jp,Female
527,Melinda,Dymond,mdymondem@csmonitor.com,Female
528,Lammond,Cookman,lcookmanen@yelp.com,Male
529,Sigismundo,Hulburd,shulburdeo@bloglovin.com,Male
530,Rosemary,Gerardot,rgerardotep@globo.com,Female
531,Dulcine,Evins,devinseq@wired.com,Female
532,Amara,Creigan,acreiganer@netscape.com,Female
533,Sharon,Mushart,smushartes@adobe.com,Female
534,Timmy,Clyant,tclyantet@google.cn,Male
535,Rem,Crilley,rcrilleyeu@4shared.com,Male
536,Marianna,Atherton,mathertonev@prlog.org,Female
537,Melicent,Alenin,maleninew@dropbox.com,Female
538,Pavia,Morriarty,pmorriartyex@ft.com,Female
539,Georgie,Bancroft,gbancroftey@ebay.co.uk,Male
540,Broderick,Pearlman,bpearlmanez@bravesites.com,Male
541,Noach,Coe,ncoef0@theglobeandmail.com,Male
542,Bessie,Obern,bobernf1@multiply.com,Female
543,Linell,Jenner,ljennerf2@smh.com.au,Female
544,Pail,Wetherhead,pwetherheadf3@flavors.me,Male
545,Jackie,Buckham,jbuckhamf4@csmonitor.com,Male
546,Hartley,Singyard,hsingyardf5@archive.org,Male
547,Tedmund,Paterno,tpaternof6@youtu.be,Male
548,Pen,Halfhide,phalfhidef7@godaddy.com,Female
549,Dillon,Bowering,dboweringf8@latimes.com,Bigender
550,Lacie,Picard,lpicardf9@howstuffworks.com,Female
551,Scotti,Biesterfeld,sbiesterfeldfa@mlb.com,Genderqueer
552,Dotti,Form,dformfb@cocolog-nifty.com,Female
553,Gregorius,Peris,gperisfc@people.com.cn,Male
554,Dalt,Banane,dbananefd@reverbnation.com,Male
555,Thane,Safont,tsafontfe@cargocollective.com,Male
556,Helene,Dufton,hduftonff@xrea.com,Female
557,Teresina,Poltun,tpoltunfg@forbes.com,Female
558,Ignacius,Bastistini,ibastistinifh@opera.com,Male
559,Luke,Stroband,lstrobandfi@narod.ru,Male
560,Morrie,Strowan,mstrowanfj@wix.com,Male
561,Tildy,Fahey,tfaheyfk@blog.com,Female
562,Lory,Rolingson,lrolingsonfl@state.tx.us,Female
563,Obadias,Badland,obadlandfm@pen.io,Male
564,Thedrick,Couthard,tcouthardfn@statcounter.com,Male
565,Odey,Grute,ogrutefo@furl.net,Male
566,Jon,Kester,jkesterfp@hubpages.com,Male
567,Andres,Gyngyll,agyngyllfq@foxnews.com,Male
568,Mano,Deekes,mdeekesfr@icq.com,Male
569,Olive,Aleso,oalesofs@flickr.com,Female
570,Saw,Gillanders,sgillandersft@ucsd.edu,Male
571,Mollee,Pidgeon,mpidgeonfu@umich.edu,Female
572,Domenico,Glenn,dglennfv@ehow.com,Agender
573,Clo,Fernandez,cfernandezfw@gmpg.org,Bigender
574,Nolie,Walklot,nwalklotfx@free.fr,Female
575,Farlee,Paolo,fpaolofy@a8.net,Male
576,Margarita,de Mullett,mdemullettfz@blogspot.com,Female
577,Stanislas,Thew,sthewg0@wp.com,Male
578,Alvis,Lantuff,alantuffg1@tamu.edu,Male
579,Boycey,Ruzek,bruzekg2@marketwatch.com,Male
580,Torey,Cattle,tcattleg3@paginegialle.it,Male
581,Sansone,Glasard,sglasardg4@ezinearticles.com,Male
582,Nana,Roch,nrochg5@ftc.gov,Female
583,Jarret,Keats,jkeatsg6@multiply.com,Male
584,Domenic,Dyball,ddyballg7@trellian.com,Male
585,Annora,Armitage,aarmitageg8@nba.com,Female
586,Sada,Oxby,soxbyg9@google.com,Agender
587,Emmy,Kimmons,ekimmonsga@mapquest.com,Female
588,Omar,Lewington,olewingtongb@example.com,Male
589,Robinett,Gatling,rgatlinggc@privacy.gov.au,Polygender
590,Sergei,Yell,syellgd@gizmodo.com,Male
591,Karin,Kennewell,kkennewellge@youtu.be,Agender
592,Fidela,Grahl,fgrahlgf@ehow.com,Genderqueer
593,Jorie,McCroft,jmccroftgg@networkadvertising.org,Female
594,Niels,Wakerley,nwakerleygh@skype.com,Male
595,Kaleena,Hanselmann,khanselmanngi@squarespace.com,Female
596,Sybyl,Reppaport,sreppaportgj@shinystat.com,Female
597,Layne,Jandel,ljandelgk@sina.com.cn,Female
598,Neely,Maria,nmariagl@rediff.com,Non-binary
599,Ephraim,Eastop,eeastopgm@wikia.com,Male
600,Etheline,Alwood,ealwoodgn@google.es,Bigender
601,Ingrim,Walby,iwalbygo@mac.com,Male
602,Allard,Badman,abadmangp@pinterest.com,Male
603,Staford,West,swestgq@gravatar.com,Male
604,Alisander,Howse,ahowsegr@ed.gov,Male
605,Hillard,L'oiseau,hloiseaugs@123-reg.co.uk,Male
606,Pegeen,Tregensoe,ptregensoegt@ehow.com,Female
607,Layney,Casterton,lcastertongu@google.pl,Female
608,Clyde,Rizzardo,crizzardogv@berkeley.edu,Male
609,Chalmers,Haug,chauggw@yellowbook.com,Male
610,Zack,Vassel,zvasselgx@stanford.edu,Male
611,Piper,Askell,paskellgy@stumbleupon.com,Female
612,Tadio,Bumphries,tbumphriesgz@blog.com,Male
613,Clyve,Loncaster,cloncasterh0@plala.or.jp,Polygender
614,Jeremy,Lote,jloteh1@vk.com,Genderqueer
615,Gary,Sykora,gsykorah2@pcworld.com,Male
616,Allx,Haville,ahavilleh3@globo.com,Female
617,Clare,Wogden,cwogdenh4@hud.gov,Female
618,Noach,Barks,nbarksh5@stumbleupon.com,Male
619,Sterling,Halden,shaldenh6@mysql.com,Male
620,Teirtza,Heeran,theeranh7@europa.eu,Female
621,Julius,Lowndesbrough,jlowndesbroughh8@photobucket.com,Male
622,Alisun,Weld,aweldh9@ycombinator.com,Female
623,Eberto,Thom,ethomha@booking.com,Male
624,Jermayne,Abbots,jabbotshb@nsw.gov.au,Male
625,Stormi,Rijkeseis,srijkeseishc@msn.com,Female
626,Linn,Bruty,lbrutyhd@vimeo.com,Female
627,Sibylla,Lurriman,slurrimanhe@etsy.com,Female
628,Bobine,Volonte,bvolontehf@dedecms.com,Female
629,Joni,Daud,jdaudhg@salon.com,Female
630,Lisa,Telega,ltelegahh@comcast.net,Polygender
631,Wini,Mattersley,wmattersleyhi@wikipedia.org,Female
632,Evelyn,Orrice,eorricehj@census.gov,Male
633,Geri,Camilletti,gcamillettihk@gov.uk,Male
634,Ax,Heinonen,aheinonenhl@ibm.com,Male
635,Martynne,Bakhrushkin,mbakhrushkinhm@economist.com,Female
636,Joseito,Lampke,jlampkehn@de.vu,Polygender
637,Rodrique,Klimsch,rklimschho@nih.gov,Male
638,Demetri,Eirwin,deirwinhp@prweb.com,Male
639,Kain,Cheshir,kcheshirhq@yolasite.com,Male
640,Mattie,Peplaw,mpeplawhr@addthis.com,Male
641,Chaunce,Rableau,crableauhs@google.com.au,Male
642,Royal,Gosford,rgosfordht@paypal.com,Male
643,Fania,De Moreno,fdemorenohu@google.de,Female
644,Tully,Menichelli,tmenichellihv@ning.com,Male
645,Salli,Helsby,shelsbyhw@elegantthemes.com,Female
646,Tymothy,Keddle,tkeddlehx@fema.gov,Male
647,Calley,Larcombe,clarcombehy@netscape.com,Female
648,Powell,Faich,pfaichhz@ebay.com,Male
649,Dre,Collinwood,dcollinwoodi0@etsy.com,Female
650,Tobe,Hudspith,thudspithi1@ucsd.edu,Female
651,Barry,Gawthorpe,bgawthorpei2@tripod.com,Female
652,Rod,Micheu,rmicheui3@joomla.org,Male
653,Alisander,Perago,aperagoi4@economist.com,Genderqueer
654,Alanson,Cleve,aclevei5@constantcontact.com,Genderqueer
655,Cecilius,Fitzackerley,cfitzackerleyi6@cbc.ca,Male
656,Ashby,Cayet,acayeti7@indiatimes.com,Male
657,Gunilla,Swindall,gswindalli8@over-blog.com,Female
658,Ira,Vertey,iverteyi9@wsj.com,Genderqueer
659,Brigham,McKibbin,bmckibbinia@independent.co.uk,Male
660,Suzie,Symcock,ssymcockib@state.gov,Female
661,Travis,Learoid,tlearoidic@rakuten.co.jp,Male
662,Dodie,Wing,dwingid@cnn.com,Female
663,Corabel,Pallatina,cpallatinaie@cam.ac.uk,Female
664,Errick,Springle,espringleif@princeton.edu,Male
665,Sybyl,Presshaugh,spresshaughig@squidoo.com,Non-binary
666,Dedra,Greenly,dgreenlyih@diigo.com,Female
667,Giffy,Raun,graunii@reddit.com,Male
668,Lavina,Welldrake,lwelldrakeij@jimdo.com,Female
669,Deck,Pellett,dpellettik@fotki.com,Male
670,Teirtza,Crummey,tcrummeyil@ca.gov,Female
671,Georgine,Pallas,gpallasim@fda.gov,Female
672,Hoebart,Turpie,hturpiein@engadget.com,Male
673,Gene,Faucherand,gfaucherandio@tmall.com,Polygender
674,Jareb,Klaas,jklaasip@ebay.com,Male
675,Blanca,Langworthy,blangworthyiq@wunderground.com,Agender
676,Eugen,Forstall,eforstallir@1und1.de,Male
677,Virgil,Romagnosi,vromagnosiis@github.com,Male
678,Vin,Filippi,vfilippiit@youku.com,Agender
679,Adelice,Vispo,avispoiu@histats.com,Non-binary
680,Giulia,Gergolet,ggergoletiv@weather.com,Female
681,Simeon,Cranefield,scranefieldiw@reuters.com,Male
682,Myrwyn,Feldmesser,mfeldmesserix@fastcompany.com,Bigender
683,Euphemia,Pethrick,epethrickiy@cpanel.net,Female
684,Libbi,Terese,ltereseiz@reference.com,Female
685,Tyler,Eaklee,teakleej0@scientificamerican.com,Male
686,Vevay,Gerrelt,vgerreltj1@t.co,Female
687,Neila,Milmore,nmilmorej2@comcast.net,Female
688,Kelvin,MacKissack,kmackissackj3@weather.com,Male
689,Cordelia,Tebbe,ctebbej4@ihg.com,Female
690,Loralie,Auguste,laugustej5@oakley.com,Female
691,Cointon,Shaddick,cshaddickj6@vk.com,Male
692,Ardelia,Alexandrou,aalexandrouj7@digg.com,Female
693,Floria,Flude,ffludej8@ameblo.jp,Female
694,Albrecht,Andrioni,aandrionij9@deviantart.com,Male
695,Clarine,Tremellan,ctremellanja@yellowbook.com,Female
696,Cris,Iredell,ciredelljb@imdb.com,Male
697,Aurea,Bruty,abrutyjc@storify.com,Female
698,Pavia,Huxtable,phuxtablejd@scribd.com,Female
699,Clare,Purrington,cpurringtonje@dion.ne.jp,Female
700,Rex,Cutbush,rcutbushjf@nbcnews.com,Male
701,Darci,Kyle,dkylejg@rambler.ru,Female
702,Heinrik,Gettings,hgettingsjh@yahoo.co.jp,Male
703,Brad,Renals,brenalsji@mapy.cz,Male
704,Jeff,Largan,jlarganjj@china.com.cn,Male
705,Lonny,Shewsmith,lshewsmithjk@ftc.gov,Male
706,Dolly,Youens,dyouensjl@examiner.com,Female
707,Urbanus,Andriveaux,uandriveauxjm@aboutads.info,Male
708,Findley,Feige,ffeigejn@youku.com,Male
709,Jeanette,Nickoles,jnickolesjo@sbwire.com,Female
710,Obediah,Carless,ocarlessjp@psu.edu,Bigender
711,Damiano,Hallwell,dhallwelljq@tiny.cc,Male
712,Benedicta,Stentiford,bstentifordjr@amazonaws.com,Female
713,Chrissy,Chappelow,cchappelowjs@hexun.com,Male
714,Mahala,Pointon,mpointonjt@pagesperso-orange.fr,Female
715,Dmitri,Jermey,djermeyju@shareasale.com,Male
716,Lina,Chaise,lchaisejv@ovh.net,Female
717,Thomasin,Gianneschi,tgianneschijw@smh.com.au,Female
718,Gussi,MacGowing,gmacgowingjx@globo.com,Female
719,Shanta,Colvin,scolvinjy@istockphoto.com,Polygender
720,Vernice,Wetherick,vwetherickjz@economist.com,Genderfluid
721,Nicholle,Dechelette,ndechelettek0@sourceforge.net,Female
722,Abagael,Moakes,amoakesk1@ft.com,Female
723,Marty,Bukac,mbukack2@sbwire.com,Female
724,Diann,Bilton,dbiltonk3@webnode.com,Female
725,Tyler,Jerzycowski,tjerzycowskik4@goodreads.com,Male
726,Earl,Sconce,esconcek5@purevolume.com,Male
727,Delmer,Sprionghall,dsprionghallk6@alexa.com,Male
728,Leeann,Wheldon,lwheldonk7@loc.gov,Female
729,Nicol,Achurch,nachurchk8@princeton.edu,Female
730,Patty,Abade,pabadek9@mit.edu,Female
731,Torrance,McGarrahan,tmcgarrahanka@usgs.gov,Male
732,Edee,Hacking,ehackingkb@topsy.com,Female
733,Vonnie,Davenhall,vdavenhallkc@mashable.com,Female
734,Raddy,Schimon,rschimonkd@wisc.edu,Agender
735,Faye,Dubery,fduberyke@china.com.cn,Female
736,Haze,Kinnin,hkinninkf@paypal.com,Male
737,Shaw,Grills,sgrillskg@studiopress.com,Male
738,Rona,Inston,rinstonkh@google.it,Female
739,Heath,Sammes,hsammeski@upenn.edu,Female
740,Drusie,Drake,ddrakekj@geocities.jp,Female
741,Ketty,Holywell,kholywellkk@ow.ly,Genderqueer
742,Trenna,Pegrum,tpegrumkl@gmpg.org,Female
743,Anderson,Ollerearnshaw,aollerearnshawkm@constantcontact.com,Male
744,Luigi,Severn,lsevernkn@flavors.me,Male
745,Ingrim,Targett,itargettko@slashdot.org,Male
746,Kacey,Trulock,ktrulockkp@gmpg.org,Female
747,Garvy,Fink,gfinkkq@php.net,Male
748,Dareen,Launchbury,dlaunchburykr@goo.gl,Female
749,Major,McIlvenna,mmcilvennaks@flickr.com,Male
750,Alexandr,Jollye,ajollyekt@themeforest.net,Male
751,Reinaldos,Brundell,rbrundellku@canalblog.com,Male
752,Etheline,Emmitt,eemmittkv@eepurl.com,Female
753,Paulita,Trevino,ptrevinokw@bluehost.com,Female
754,Selia,Anscott,sanscottkx@privacy.gov.au,Female
755,Taddeo,Nester,tnesterky@miitbeian.gov.cn,Male
756,Isa,Scutter,iscutterkz@uol.com.br,Male
757,Arron,Kiledal,akiledall0@google.co.jp,Male
758,Rozanna,Minnock,rminnockl1@biglobe.ne.jp,Female
759,Forrest,Kennicott,fkennicottl2@nationalgeographic.com,Male
760,Porty,Hannaford,phannafordl3@is.gd,Male
761,Elisha,Haswell,ehaswelll4@i2i.jp,Male
762,Ora,Twiggs,otwiggsl5@cdc.gov,Female
763,Mozes,Nussgen,mnussgenl6@amazon.co.uk,Male
764,Dacia,Scorrer,dscorrerl7@4shared.com,Female
765,Mikkel,Gabler,mgablerl8@umich.edu,Polygender
766,Porter,Boon,pboonl9@woothemes.com,Male
767,Minetta,Foat,mfoatla@360.cn,Female
768,Rita,Zelake,rzelakelb@nhs.uk,Female
769,Jared,Grenter,jgrenterlc@fotki.com,Male
770,Lilian,Ruseworth,lruseworthld@imageshack.us,Female
771,Morey,Tempest,mtempestle@furl.net,Male
772,Fiona,Snaddin,fsnaddinlf@mediafire.com,Female
773,Uriel,Gorst,ugorstlg@deliciousdays.com,Male
774,Prent,Christophe,pchristophelh@cam.ac.uk,Male
775,Laughton,Boylund,lboylundli@nsw.gov.au,Male
776,Anna-diana,Corkett,acorkettlj@mapy.cz,Female
777,Hilarius,Hattoe,hhattoelk@dagondesign.com,Male
778,Nessi,Tissell,ntissellll@google.com.hk,Female
779,Antoni,Weston,awestonlm@lycos.com,Male
780,Marleen,Coom,mcoomln@ihg.com,Female
781,Annnora,Murphey,amurpheylo@symantec.com,Female
782,Olia,Van Weedenburg,ovanweedenburglp@xinhuanet.com,Female
783,Herculie,Durrett,hdurrettlq@ocn.ne.jp,Male
784,Nessy,Higginbottam,nhigginbottamlr@seesaa.net,Female
785,Bradley,Harmar,bharmarls@amazon.com,Male
786,Julita,Demangeon,jdemangeonlt@nhs.uk,Female
787,Mora,Garrelts,mgarreltslu@xing.com,Agender
788,Becky,Ludman,bludmanlv@furl.net,Female
789,Hildy,Albrecht,halbrechtlw@360.cn,Polygender
790,Anstice,Maddicks,amaddickslx@freewebs.com,Female
791,Kacey,Kunrad,kkunradly@mit.edu,Female
792,Alix,Lacelett,alacelettlz@homestead.com,Male
793,Dehlia,Rablin,drablinm0@google.nl,Female
794,Olly,Booton,obootonm1@economist.com,Male
795,Paulette,Sired,psiredm2@free.fr,Female
796,Diahann,McCook,dmccookm3@mediafire.com,Female
797,Inness,Burniston,iburnistonm4@exblog.jp,Male
798,Beverlie,Philipot,bphilipotm5@dell.com,Female
799,Dahlia,Melross,dmelrossm6@epa.gov,Bigender
800,Chris,Donson,cdonsonm7@bizjournals.com,Female
801,Barry,Insko,binskom8@chron.com,Male
802,Rob,Schrieves,rschrievesm9@blogs.com,Genderfluid
803,Wolfie,Sheldrake,wsheldrakema@zdnet.com,Male
804,Lonny,Checkley,lcheckleymb@goo.gl,Male
805,Cleo,Clothier,cclothiermc@constantcontact.com,Female
806,Adi,Quinnelly,aquinnellymd@usgs.gov,Female
807,David,Baser,dbaserme@1688.com,Male
808,Geri,Gudgin,ggudginmf@t-online.de,Male
809,Olympie,Maslin,omaslinmg@dmoz.org,Female
810,Aloin,Leadbetter,aleadbettermh@statcounter.com,Male
811,Kali,Schimke,kschimkemi@dyndns.org,Genderfluid
812,Morley,Alyukin,malyukinmj@paginegialle.it,Male
813,Maryanna,Baccas,mbaccasmk@jiathis.com,Female
814,Arline,Pessler,apesslerml@bloglines.com,Female
815,Anjanette,O'Crotty,aocrottymm@time.com,Female
816,Gaelan,Duley,gduleymn@msu.edu,Non-binary
817,Corie,Rigardeau,crigardeaumo@symantec.com,Female
818,Vassili,Shapter,vshaptermp@statcounter.com,Male
819,Leilah,Chessill,lchessillmq@nifty.com,Female
820,Trefor,Ogelbe,togelbemr@cornell.edu,Male
821,Hendrik,Hardy,hhardyms@samsung.com,Male
822,Jammie,Tilliard,jtilliardmt@blinklist.com,Female
823,Aurea,Ballard,aballardmu@gnu.org,Female
824,Dev,Chitty,dchittymv@baidu.com,Male
825,Erina,Shingler,eshinglermw@acquirethisname.com,Female
826,Blanca,Moreside,bmoresidemx@de.vu,Female
827,Adeline,Davidovits,adavidovitsmy@theglobeandmail.com,Female
828,Sidonnie,Ticic,sticicmz@oaic.gov.au,Female
829,Madlin,Gerraty,mgerratyn0@vistaprint.com,Female
830,Kacie,Cobbledick,kcobbledickn1@dagondesign.com,Female
831,Teddie,Strugnell,tstrugnelln2@samsung.com,Female
832,Sherrie,Shewen,sshewenn3@360.cn,Female
833,Duffy,Blackaller,dblackallern4@mashable.com,Male
834,Rafaelia,Fenix,rfenixn5@unesco.org,Female
835,Brenda,Sheringham,bsheringhamn6@narod.ru,Female
836,Chan,Sorby,csorbyn7@sakura.ne.jp,Male
837,Dmitri,Jent,djentn8@blog.com,Male
838,Chaunce,Burle,cburlen9@engadget.com,Male
839,Griff,Garlicke,ggarlickena@dell.com,Male
840,Stillman,Heindl,sheindlnb@google.nl,Genderfluid
841,Clim,Eddis,ceddisnc@flickr.com,Male
842,Zedekiah,Akett,zakettnd@mozilla.com,Male
843,Luigi,Josefsohn,ljosefsohnne@biblegateway.com,Genderfluid
844,Ashley,Pickhaver,apickhavernf@msu.edu,Male
845,Trista,Kalinsky,tkalinskyng@clickbank.net,Female
846,Lizette,Sherer,lsherernh@oakley.com,Female
847,Thorsten,Francino,tfrancinoni@creativecommons.org,Male
848,Mohandas,Schreurs,mschreursnj@bloglines.com,Male
849,Carolin,Townby,ctownbynk@indiegogo.com,Female
850,Robena,Jahnisch,rjahnischnl@dyndns.org,Female
851,Valentijn,Solano,vsolanonm@quantcast.com,Male
852,Carney,Gowthorpe,cgowthorpenn@buzzfeed.com,Male
853,Calhoun,Hurcombe,churcombeno@aboutads.info,Male
854,Eadith,Figge,efiggenp@gmpg.org,Female
855,Querida,McParland,qmcparlandnq@163.com,Female
856,Phaedra,Melin,pmelinnr@deviantart.com,Female
857,Paddie,Sacker,psackerns@samsung.com,Male
858,Luca,Owers,lowersnt@weebly.com,Male
859,Clerc,Dodman,cdodmannu@hibu.com,Male
860,Joelle,Cuzen,jcuzennv@huffingtonpost.com,Female
861,Bellanca,Ferber,bferbernw@smh.com.au,Agender
862,Northrop,Lambourn,nlambournnx@vkontakte.ru,Male
863,Felicia,Tumility,ftumilityny@usgs.gov,Female
864,Morganne,Rhymer,mrhymernz@msu.edu,Female
865,Morley,Thiem,mthiemo0@plala.or.jp,Male
866,Johnathan,Agastina,jagastinao1@comcast.net,Male
867,Aloin,Monnoyer,amonnoyero2@edublogs.org,Bigender
868,Germain,Honywill,ghonywillo3@bravesites.com,Female
869,Reggi,McVicar,rmcvicaro4@wsj.com,Female
870,Noland,Buxsy,nbuxsyo5@phoca.cz,Male
871,Stephi,Flynn,sflynno6@washingtonpost.com,Genderqueer
872,Meggie,Offord,moffordo7@feedburner.com,Non-binary
873,Clementia,Hovington,chovingtono8@google.nl,Female
874,Karel,Cuddon,kcuddono9@dyndns.org,Female
875,Cullie,Crosham,ccroshamoa@slashdot.org,Male
876,Jemie,Du Hamel,jduhamelob@engadget.com,Female
877,Kariotta,Cleiment,kcleimentoc@huffingtonpost.com,Female
878,Chick,Yerrington,cyerringtonod@yandex.ru,Male
879,Lindy,Le Clercq,lleclercqoe@scientificamerican.com,Male
880,Danielle,Lope,dlopeof@census.gov,Female
881,Kordula,Delamaine,kdelamaineog@free.fr,Female
882,Trisha,Grichukhanov,tgrichukhanovoh@hhs.gov,Female
883,Jacquelin,Prodrick,jprodrickoi@php.net,Genderfluid
884,Tatiania,Romaint,tromaintoj@mozilla.org,Female
885,Clayton,Le Batteur,clebatteurok@simplemachines.org,Male
886,Pebrook,Hardaker,phardakerol@feedburner.com,Male
887,Rubin,Caddell,rcaddellom@census.gov,Male
888,Franciskus,Toffanini,ftoffaninion@webeden.co.uk,Male
889,Dorian,Scrimgeour,dscrimgeouroo@elegantthemes.com,Male
890,Marchelle,Ennew,mennewop@bluehost.com,Female
891,Court,Legier,clegieroq@nymag.com,Male
892,Kata,Gianneschi,kgianneschior@canalblog.com,Female
893,Christi,Gong,cgongos@telegraph.co.uk,Female
894,Hussein,Bannard,hbannardot@desdev.cn,Male
895,Emilie,Petrushka,epetrushkaou@aboutads.info,Female
896,Wayne,Betun,wbetunov@wufoo.com,Male
897,Emelina,Dessent,edessentow@nps.gov,Female
898,Lela,Langrick,llangrickox@eventbrite.com,Polygender
899,Emili,Kalvin,ekalvinoy@hp.com,Female
900,Aldridge,Ivanishchev,aivanishchevoz@pen.io,Male
901,Lynnet,O'Monahan,lomonahanp0@tripod.com,Female
902,Pippa,Derisley,pderisleyp1@indiegogo.com,Female
903,Roz,Veldstra,rveldstrap2@cam.ac.uk,Female
904,Karlee,Ruperti,krupertip3@bloglines.com,Female
905,Fabien,Bragge,fbraggep4@scribd.com,Male
906,Glennis,Cogzell,gcogzellp5@yahoo.co.jp,Female
907,Thorsten,Purcell,tpurcellp6@woothemes.com,Male
908,Karina,Edling,kedlingp7@goodreads.com,Female
909,Chariot,Championnet,cchampionnetp8@washingtonpost.com,Male
910,Boothe,Outright,boutrightp9@ow.ly,Male
911,Donal,Arkill,darkillpa@omniture.com,Male
912,Ashton,Langan,alanganpb@mozilla.org,Male
913,Dionne,Fouracres,dfouracrespc@networksolutions.com,Female
914,Thadeus,Larkin,tlarkinpd@liveinternet.ru,Male
915,Chastity,Folger,cfolgerpe@marriott.com,Female
916,Chrissy,Geraldo,cgeraldopf@auda.org.au,Female
917,Ave,Shrimpton,ashrimptonpg@amazon.co.jp,Male
918,Lianna,Mishow,lmishowph@cpanel.net,Female
919,Ina,Haith,ihaithpi@forbes.com,Female
920,Linc,Brydson,lbrydsonpj@hud.gov,Male
921,Niels,Brearton,nbreartonpk@irs.gov,Male
922,Georgy,Nelm,gnelmpl@godaddy.com,Male
923,Allister,Dicey,adiceypm@home.pl,Male
924,Melitta,Dumper,mdumperpn@webeden.co.uk,Female
925,Alys,Texton,atextonpo@google.ru,Female
926,Inga,Lots,ilotspp@goodreads.com,Female
927,Raimundo,McIlmurray,rmcilmurraypq@shareasale.com,Male
928,Oates,Allain,oallainpr@ebay.co.uk,Male
929,Virgil,Finnigan,vfinniganps@usda.gov,Male
930,Ryan,Thorns,rthornspt@phoca.cz,Male
931,Daniel,Espadero,despaderopu@yelp.com,Male
932,Chev,Mold,cmoldpv@over-blog.com,Male
933,Joe,Tracey,jtraceypw@hp.com,Genderfluid
934,Rolf,Francescotti,rfrancescottipx@mtv.com,Genderfluid
935,Ashlen,Littler,alittlerpy@linkedin.com,Female
936,Danya,Luxen,dluxenpz@yellowbook.com,Male
937,Lesley,Taillard,ltaillardq0@msu.edu,Male
938,Franky,Vasyuchov,fvasyuchovq1@liveinternet.ru,Male
939,Brittani,MacRedmond,bmacredmondq2@indiegogo.com,Female
940,Uri,Fairbourne,ufairbourneq3@examiner.com,Male
941,Fidelity,Brogi,fbrogiq4@senate.gov,Female
942,Pieter,Rapi,prapiq5@ed.gov,Male
943,Goldina,Byrnes,gbyrnesq6@posterous.com,Polygender
944,Maud,Pirelli,mpirelliq7@forbes.com,Female
945,Gran,Julian,gjulianq8@creativecommons.org,Male
946,Becky,Ricciardello,bricciardelloq9@sun.com,Female
947,Koenraad,Standring,kstandringqa@ehow.com,Polygender
948,Winston,Blaylock,wblaylockqb@sciencedirect.com,Male
949,Bidget,Soal,bsoalqc@time.com,Female
950,Tony,Voas,tvoasqd@narod.ru,Female
951,Dasi,Luckie,dluckieqe@hatena.ne.jp,Female
952,Babbette,Winspur,bwinspurqf@sbwire.com,Agender
953,Papagena,Brigginshaw,pbrigginshawqg@youku.com,Female
954,Liva,Lygoe,llygoeqh@tiny.cc,Female
955,Che,Kenrack,ckenrackqi@dropbox.com,Male
956,Viki,Gansbuhler,vgansbuhlerqj@businessinsider.com,Female
957,Haily,Deary,hdearyqk@printfriendly.com,Female
958,Della,Aharoni,daharoniql@ovh.net,Non-binary
959,Wit,Grebert,wgrebertqm@biblegateway.com,Male
960,Hillery,Jedrzej,hjedrzejqn@pbs.org,Male
961,Perkin,Rothert,prothertqo@vinaora.com,Bigender
962,Cinda,Elliman,cellimanqp@wikipedia.org,Female
963,Bentlee,Bertwistle,bbertwistleqq@sciencedaily.com,Male
964,Emmery,Frascone,efrasconeqr@redcross.org,Male
965,Lorne,Gott,lgottqs@abc.net.au,Female
966,Gena,Henzer,ghenzerqt@scribd.com,Female
967,Boothe,Farrans,bfarransqu@ehow.com,Male
968,Dulcie,MacGahy,dmacgahyqv@addtoany.com,Female
969,Orel,MacNeil,omacneilqw@creativecommons.org,Female
970,Conroy,Cradoc,ccradocqx@ox.ac.uk,Male
971,Clemmie,Charlwood,ccharlwoodqy@wiley.com,Female
972,Heda,Ivanyushin,hivanyushinqz@wikispaces.com,Female
973,Raynard,Theunissen,rtheunissenr0@howstuffworks.com,Male
974,Binny,Hollyman,bhollymanr1@gnu.org,Female
975,Hildagard,Biner,hbinerr2@bing.com,Female
976,Mordecai,Serchwell,mserchwellr3@goodreads.com,Male
977,Trix,McFadin,tmcfadinr4@wp.com,Female
978,Elnore,Hazzard,ehazzardr5@bigcartel.com,Female
979,Doyle,Housegoe,dhousegoer6@google.cn,Male
980,Stanford,Furmston,sfurmstonr7@blogspot.com,Male
981,Sidnee,Panner,spannerr8@who.int,Male
982,Jaymie,Andrzejewski,jandrzejewskir9@elpais.com,Male
983,Silvano,Byron,sbyronra@ask.com,Male
984,Trevor,Beddoe,tbeddoerb@cam.ac.uk,Male
985,Estel,Markey,emarkeyrc@51.la,Female
986,Malinde,Braithwaite,mbraithwaiterd@sbwire.com,Female
987,Layton,Dimond,ldimondre@nbcnews.com,Male
988,Innis,McCadden,imccaddenrf@alexa.com,Male
989,Leonore,Jiracek,ljiracekrg@discovery.com,Female
990,Estrella,Karpychev,ekarpychevrh@washington.edu,Female
991,Susann,Chetwynd,schetwyndri@istockphoto.com,Bigender
992,Austen,Faithfull,afaithfullrj@prweb.com,Male
993,Hetti,Wartnaby,hwartnabyrk@sphinn.com,Non-binary
994,Merola,Nelles,mnellesrl@ebay.co.uk,Female
995,Cyndie,Connew,cconnewrm@cam.ac.uk,Female
996,Nichole,Robardet,nrobardetrn@nasa.gov,Female
997,Lenore,McShee,lmcsheero@cnn.com,Female
998,Stevana,Southon,ssouthonrp@cnbc.com,Female
999,Lanie,Hainning,lhainningrq@oracle.com,Female
1000,Babbie,Beri,bberirr@goodreads.com,Female
