id,first_name,last_name,email,gender
1,Rhea,Harling,rharling0@telegraph.co.uk,Female
2,Hewett,Clee,hclee1@blogger.com,Male
3,Orrin,Wickenden,owickenden2@uol.com.br,Male
4,Winifield,Le Surf,wlesurf3@pcworld.com,Male
5,Gerald,Buche,gbuche4@pbs.org,Male
6,Cale,Patshull,cpatshull5@mtv.com,Male
7,Carr,D'Ambrosio,cdambrosio6@reddit.com,Male
8,Loutitia,Zealy,lzealy7@blogs.com,Female
9,Florencia,Blayney,fblayney8@buzzfeed.com,Female
10,Gay,Rawlinson,grawlinson9@squarespace.com,Female
11,Archy,Gores,agoresa@imdb.com,Male
12,Marigold,Blandamere,mblandamereb@ebay.co.uk,Female
13,Abagael,Ossulton,aossultonc@macromedia.com,Female
14,Jojo,Kondratovich,jkondratovichd@ask.com,Non-binary
15,Benny,Spurrett,bspurrette@list-manage.com,Female
16,Didi,Locarno,dlocarnof@kickstarter.com,Female
17,Emelda,Ackermann,eackermanng@angelfire.com,Female
18,Janifer,Ivanitsa,jivanitsah@fotki.com,Female
19,Kendall,Wherrett,kwherretti@sohu.com,Non-binary
20,Cindy,Biskupski,cbiskupskij@livejournal.com,Female
21,Claudio,Islip,cislipk@ed.gov,Bigender
22,Bobbee,Bolstridge,bbolstridgel@canalblog.com,Female
23,Tabby,Stearley,tstearleym@ameblo.jp,Female
24,Ranee,Algie,ralgien@quantcast.com,Female
25,Gaby,Ramme,grammeo@spotify.com,Male
26,Allin,Horsfield,ahorsfieldp@4shared.com,Genderqueer
27,Pearla,Gillet,pgilletq@dell.com,Female
28,Standford,Dewer,sdewerr@nifty.com,Male
29,Harmonia,Edess,hedesss@4shared.com,Female
30,Dora,Egalton,degaltont@cmu.edu,Non-binary
31,Bree,Garvill,bgarvillu@slideshare.net,Agender
32,Hewie,D'Avaux,hdavauxv@baidu.com,Male
33,Augie,O'Crevy,aocrevyw@amazon.co.jp,Male
34,Chico,Conquest,cconquestx@1688.com,Male
35,Aland,McCurlye,amccurlyey@booking.com,Male
36,Rosalie,Cappineer,rcappineerz@ox.ac.uk,Female
37,Carlota,Daniau,cdaniau10@abc.net.au,Female
38,Jenni,Swait,jswait11@weibo.com,Non-binary
39,Arabel,Hurkett,ahurkett12@examiner.com,Female
40,Gladi,Hamberston,ghamberston13@hostgator.com,Female
41,Eleanora,Scamadine,escamadine14@goo.gl,Female
42,Wakefield,Sappell,wsappell15@barnesandnoble.com,Male
43,Carena,Adamsen,cadamsen16@constantcontact.com,Female
44,Josefa,Pietruszka,jpietruszka17@goo.ne.jp,Female
45,Troy,Gariff,tgariff18@baidu.com,Male
46,Hammad,Belfelt,hbelfelt19@unc.edu,Male
47,Patty,Piddington,ppiddington1a@shop-pro.jp,Male
48,Constantia,Gavahan,cgavahan1b@51.la,Genderfluid
49,Walther,Licciardi,wlicciardi1c@ca.gov,Male
50,Marijo,Ison,mison1d@so-net.ne.jp,Genderfluid
51,Baillie,Chevin,bchevin1e@altervista.org,Male
52,Drona,Cockhill,dcockhill1f@myspace.com,Female
53,Dorothy,Coning,dconing1g@odnoklassniki.ru,Female
54,Wandis,Chisolm,wchisolm1h@bbb.org,Female
55,Pren,Knok,pknok1i@tmall.com,Male
56,Rycca,Pregal,rpregal1j@va.gov,Female
57,Fraser,Parkinson,fparkinson1k@domainmarket.com,Male
58,Kassia,Burtonshaw,kburtonshaw1l@1688.com,Female
59,Erastus,Gorce,egorce1m@technorati.com,Male
60,Licha,Broker,lbroker1n@nifty.com,Female
61,Therese,Fidilis,tfidilis1o@altervista.org,Female
62,Salaidh,Ivanyushin,sivanyushin1p@rediff.com,Female
63,Kim,Klewi,kklewi1q@deliciousdays.com,Male
64,Mil,Ewbanck,mewbanck1r@elegantthemes.com,Female
65,Emilie,Farbrother,efarbrother1s@seattletimes.com,Female
66,Meredith,Muro,mmuro1t@archive.org,Non-binary
67,Chrissy,Cleghorn,ccleghorn1u@businesswire.com,Male
68,Man,Trevett,mtrevett1v@jalbum.net,Male
69,Dareen,Donativo,ddonativo1w@msn.com,Female
70,Doroteya,Sacker,dsacker1x@github.com,Female
71,Dixie,Wingeat,dwingeat1y@harvard.edu,Female
72,Kamillah,Knok,kknok1z@ovh.net,Female
73,Aurelie,Cleugh,acleugh20@imageshack.us,Genderfluid
74,Inness,Habbershon,ihabbershon21@skyrock.com,Male
75,Lexie,Pittham,lpittham22@godaddy.com,Female
76,Federica,Allibone,fallibone23@va.gov,Female
77,Hank,Simenel,hsimenel24@de.vu,Male
78,Alard,Almon,aalmon25@elegantthemes.com,Male
79,Adria,Sprigging,asprigging26@cnbc.com,Female
80,Arlena,Fayers,afayers27@google.es,Female
81,Alexandra,Richley,arichley28@princeton.edu,Female
82,Sigismundo,Carolan,scarolan29@so-net.ne.jp,Male
83,Ailee,de Glanville,adeglanville2a@vimeo.com,Female
84,Chrissie,Diaper,cdiaper2b@fda.gov,Male
85,Yoshi,Oatley,yoatley2c@lycos.com,Female
86,Sebastian,Ilyinykh,silyinykh2d@walmart.com,Male
87,Trixy,Wilprecht,twilprecht2e@sina.com.cn,Female
88,Lauren,Paddick,lpaddick2f@jimdo.com,Female
89,Giordano,Hysom,ghysom2g@buzzfeed.com,Male
90,Rorke,Nolder,rnolder2h@census.gov,Male
91,Rosana,Pidgin,rpidgin2i@cisco.com,Female
92,Ax,Cobleigh,acobleigh2j@google.fr,Male
93,Addy,Dack,adack2k@studiopress.com,Male
94,Sybyl,Tomkowicz,stomkowicz2l@tinyurl.com,Genderfluid
95,Lazaro,McAlindon,lmcalindon2m@exblog.jp,Male
96,Leda,Mart,lmart2n@zimbio.com,Polygender
97,Robinet,Hirsthouse,rhirsthouse2o@twitter.com,Male
98,Marleah,Layson,mlayson2p@archive.org,Female
99,Darrell,Flannigan,dflannigan2q@patch.com,Male
100,Kati,Jarrette,kjarrette2r@ucoz.com,Female
101,Joete,Regelous,jregelous2s@nbcnews.com,Female
102,Kania,Stanesby,kstanesby2t@amazon.co.jp,Female
103,Bernhard,Skamell,bskamell2u@squidoo.com,Male
104,Janette,McNiff,jmcniff2v@joomla.org,Female
105,Pete,Hellsdon,phellsdon2w@globo.com,Genderqueer
106,Anstice,Jahndel,ajahndel2x@hud.gov,Female
107,Thurston,Rogerot,trogerot2y@cnn.com,Genderqueer
108,Jamie,Ferrieri,jferrieri2z@cloudflare.com,Female
109,Konrad,Butterfill,kbutterfill30@ocn.ne.jp,Male
110,Zelma,Goodboddy,zgoodboddy31@rediff.com,Female
111,Ben,MacFall,bmacfall32@123-reg.co.uk,Male
112,Barney,Rugge,brugge33@cnet.com,Male
113,Sally,Maffei,smaffei34@geocities.com,Female
114,Sansone,Bellard,sbellard35@amazon.de,Male
115,Darcie,Holberry,dholberry36@sciencedirect.com,Genderqueer
116,Sylas,Antwis,santwis37@cnet.com,Male
117,Riccardo,Di Napoli,rdinapoli38@gravatar.com,Male
118,Sena,Czaja,sczaja39@ebay.com,Female
119,Katusha,Crowcher,kcrowcher3a@squarespace.com,Genderqueer
120,Pearline,Vasilchenko,pvasilchenko3b@state.gov,Female
121,Cleon,Laborde,claborde3c@hp.com,Male
122,Germaine,Roberson,groberson3d@nature.com,Female
123,Edgar,Harrismith,eharrismith3e@google.cn,Male
124,Dar,Eldred,deldred3f@ucla.edu,Male
125,Shanon,Burstow,sburstow3g@tumblr.com,Bigender
126,Annalise,Finnie,afinnie3h@boston.com,Female
127,Bailey,Bizzey,bbizzey3i@ucla.edu,Agender
128,Jecho,MacAloren,jmacaloren3j@uiuc.edu,Male
129,Patrizius,Catterill,pcatterill3k@tripadvisor.com,Male
130,Guenevere,Camerello,gcamerello3l@wp.com,Female
131,Caressa,Gier,cgier3m@mozilla.org,Genderqueer
132,Benedicta,Phizacklea,bphizacklea3n@eventbrite.com,Agender
133,Pearce,Kornalik,pkornalik3o@ehow.com,Male
134,Dacey,MacCartan,dmaccartan3p@slideshare.net,Female
135,Vaughn,Quade,vquade3q@odnoklassniki.ru,Male
136,Batholomew,Caldicot,bcaldicot3r@cargocollective.com,Male
137,Edgar,Snap,esnap3s@samsung.com,Male
138,Kliment,Middis,kmiddis3t@woothemes.com,Male
139,Charita,Brome,cbrome3u@vkontakte.ru,Female
140,Estevan,Gerriet,egerriet3v@cyberchimps.com,Male
141,Maude,Bartoshevich,mbartoshevich3w@qq.com,Female
142,Jeanie,Oman,joman3x@mac.com,Female
143,Lewiss,Meadway,lmeadway3y@alexa.com,Male
144,Kitty,Peascod,kpeascod3z@hatena.ne.jp,Female
145,Tallie,Ruegg,truegg40@bluehost.com,Male
146,Humberto,Gandy,hgandy41@ibm.com,Male
147,Theodoric,Crocetto,tcrocetto42@bloomberg.com,Male
148,Jade,Deadman,jdeadman43@theglobeandmail.com,Female
149,Niki,MacTrustey,nmactrustey44@unc.edu,Male
150,Marne,Vardon,mvardon45@xing.com,Female
151,Filberte,Kleinhaus,fkleinhaus46@bizjournals.com,Male
152,Valentina,Dymocke,vdymocke47@wikipedia.org,Non-binary
153,Celina,Axcell,caxcell48@bravesites.com,Female
154,Markos,Dyet,mdyet49@scribd.com,Male
155,Russ,Rolance,rrolance4a@cbslocal.com,Male
156,Georgie,Bartoszewski,gbartoszewski4b@webs.com,Male
157,Dyann,Schurig,dschurig4c@boston.com,Female
158,Warden,Extence,wextence4d@github.io,Male
159,Debby,Yeomans,dyeomans4e@fda.gov,Female
160,Avis,Applin,aapplin4f@hugedomains.com,Female
161,Kathe,Daglish,kdaglish4g@japanpost.jp,Female
162,Charley,Wattisham,cwattisham4h@acquirethisname.com,Male
163,Leilah,Whyman,lwhyman4i@wikipedia.org,Female
164,Tarrah,Skuce,tskuce4j@amazon.com,Female
165,Lisbeth,Jenik,ljenik4k@nih.gov,Female
166,Ralph,Josuweit,rjosuweit4l@kickstarter.com,Male
167,Laraine,Gilliam,lgilliam4m@goo.ne.jp,Female
168,Luella,Stewartson,lstewartson4n@soundcloud.com,Female
169,Orella,O'Sherin,oosherin4o@telegraph.co.uk,Female
170,Nicolis,Duffell,nduffell4p@mozilla.com,Male
171,Maria,Beaumont,mbeaumont4q@cocolog-nifty.com,Female
172,Berry,Salmen,bsalmen4r@nydailynews.com,Female
173,Linn,Debill,ldebill4s@naver.com,Male
174,Sharity,Ings,sings4t@google.com,Female
175,Hamish,Youll,hyoull4u@salon.com,Male
176,Marijn,Wink,mwink4v@seesaa.net,Male
177,Emilie,Twitty,etwitty4w@drupal.org,Female
178,Denis,Jurgen,djurgen4x@360.cn,Male
179,Deni,Huby,dhuby4y@ezinearticles.com,Genderfluid
180,Juliette,Rubinsztein,jrubinsztein4z@phoca.cz,Genderqueer
181,Hyacinthia,Hullock,hhullock50@shareasale.com,Female
182,Harold,Trenaman,htrenaman51@ihg.com,Male
183,Tanitansy,Dable,tdable52@360.cn,Female
184,Garrot,Whitworth,gwhitworth53@gizmodo.com,Male
185,Florri,Mitcham,fmitcham54@stanford.edu,Female
186,Sherilyn,Roblin,sroblin55@narod.ru,Female
187,Zia,Pinck,zpinck56@1und1.de,Bigender
188,Corny,Sullivan,csullivan57@baidu.com,Male
189,Marjy,Antosch,mantosch58@archive.org,Female
190,Fredelia,Schrader,fschrader59@theglobeandmail.com,Female
191,Doralin,Gregoletti,dgregoletti5a@unblog.fr,Female
192,Rodger,Habeshaw,rhabeshaw5b@histats.com,Male
193,Tommy,Harcombe,tharcombe5c@marketwatch.com,Male
194,Zachery,McMylor,zmcmylor5d@mediafire.com,Male
195,Iolanthe,Fiddy,ifiddy5e@blog.com,Female
196,Sheila,Girodias,sgirodias5f@4shared.com,Female
197,Jackelyn,Neising,jneising5g@china.com.cn,Female
198,Georgie,Pemble,gpemble5h@soundcloud.com,Male
199,Netty,Yurkov,nyurkov5i@yahoo.co.jp,Female
200,Brook,Wishart,bwishart5j@exblog.jp,Female
201,Birdie,Marryatt,bmarryatt5k@patch.com,Female
202,Marius,Lawtey,mlawtey5l@adobe.com,Male
203,Dedie,Bohea,dbohea5m@pen.io,Female
204,August,Pigny,apigny5n@admin.ch,Male
205,Robinetta,Speddin,rspeddin5o@miitbeian.gov.cn,Female
206,Olivier,Lettley,olettley5p@blog.com,Male
207,Hercule,Machon,hmachon5q@booking.com,Male
208,Sasha,Kernermann,skernermann5r@constantcontact.com,Genderqueer
209,Evered,Greenfield,egreenfield5s@t.co,Male
210,Etan,Cunniff,ecunniff5t@nba.com,Male
211,Ab,Milborn,amilborn5u@google.pl,Male
212,Taffy,Rous,trous5v@ftc.gov,Female
213,Matthus,Bolan,mbolan5w@alibaba.com,Male
214,Bernelle,Pieche,bpieche5x@1688.com,Female
215,Lacie,Tomeo,ltomeo5y@google.nl,Genderfluid
216,Vernor,Sleeford,vsleeford5z@wordpress.com,Polygender
217,Grannie,Tumini,gtumini60@usgs.gov,Male
218,Nanci,Adkin,nadkin61@earthlink.net,Female
219,Leoine,Hanscomb,lhanscomb62@purevolume.com,Female
220,Gannie,Cardenas,gcardenas63@sitemeter.com,Polygender
221,Kameko,Millwall,kmillwall64@imgur.com,Female
222,Tommy,Clipston,tclipston65@toplist.cz,Genderqueer
223,Willi,Deabill,wdeabill66@surveymonkey.com,Agender
224,Gerald,Wildber,gwildber67@google.com.hk,Male
225,Vivianne,Yeliashev,vyeliashev68@redcross.org,Female
226,Mylo,Briiginshaw,mbriiginshaw69@engadget.com,Male
227,Alair,Pearce,apearce6a@loc.gov,Male
228,Gregor,Neil,gneil6b@ucsd.edu,Male
229,Marga,Tiner,mtiner6c@fema.gov,Genderfluid
230,Yehudit,Hawkin,yhawkin6d@blogtalkradio.com,Male
231,Cazzie,Crowther,ccrowther6e@ox.ac.uk,Male
232,Devland,Coopey,dcoopey6f@cnbc.com,Male
233,Carolann,Heppenspall,cheppenspall6g@parallels.com,Genderfluid
234,Abbott,Sellstrom,asellstrom6h@usda.gov,Male
235,Mar,Hollingdale,mhollingdale6i@1und1.de,Male
236,Thomas,Kesten,tkesten6j@ebay.co.uk,Male
237,Cora,Feldstern,cfeldstern6k@topsy.com,Female
238,Andi,Houten,ahouten6l@about.com,Female
239,Abbey,Hanrott,ahanrott6m@ebay.co.uk,Male
240,Arther,Langfield,alangfield6n@reuters.com,Male
241,Cicily,Feldstein,cfeldstein6o@altervista.org,Female
242,Filberto,Woolhouse,fwoolhouse6p@ycombinator.com,Male
243,Nesta,Pescott,npescott6q@myspace.com,Female
244,Garreth,Teasdale-Markie,gteasdalemarkie6r@github.io,Genderfluid
245,Arvin,Shawyers,ashawyers6s@taobao.com,Male
246,Caspar,Dowears,cdowears6t@umich.edu,Male
247,Haywood,MacMenemy,hmacmenemy6u@skyrock.com,Male
248,Colas,Siemens,csiemens6v@dailymail.co.uk,Male
249,Ibbie,Palfrey,ipalfrey6w@zdnet.com,Female
250,Skipp,Pirolini,spirolini6x@hexun.com,Male
251,Arleen,Balmer,abalmer6y@npr.org,Female
252,Terry,Andriessen,tandriessen6z@cyberchimps.com,Male
253,Chan,Finnick,cfinnick70@state.tx.us,Male
254,Kaylee,Pendry,kpendry71@ebay.com,Female
255,Maudie,Danzig,mdanzig72@people.com.cn,Female
256,Jarib,Hurcombe,jhurcombe73@tinyurl.com,Male
257,Lewes,Aikin,laikin74@thetimes.co.uk,Male
258,Pierce,Avery,pavery75@hubpages.com,Male
259,Birgitta,Juan,bjuan76@chicagotribune.com,Female
260,Roxana,Beton,rbeton77@biblegateway.com,Female
261,Benedetta,Wolledge,bwolledge78@goo.gl,Agender
262,Meir,Stubbert,mstubbert79@adobe.com,Male
263,Arleyne,Steinhammer,asteinhammer7a@amazon.com,Female
264,Erinn,McCuthais,emccuthais7b@ezinearticles.com,Female
265,Cordie,Honniebal,chonniebal7c@nsw.gov.au,Female
266,Celeste,Loosely,cloosely7d@pen.io,Female
267,Sonny,Pydcock,spydcock7e@cbslocal.com,Non-binary
268,Meris,Hugh,mhugh7f@fc2.com,Female
269,Joelynn,MacCaull,jmaccaull7g@gizmodo.com,Female
270,Hymie,Bannester,hbannester7h@symantec.com,Male
271,Galvin,Fielding,gfielding7i@blinklist.com,Male
272,Walton,Northen,wnorthen7j@goo.gl,Male
273,Tansy,Doy,tdoy7k@newsvine.com,Female
274,Bryana,Twitchings,btwitchings7l@constantcontact.com,Female
275,Wyn,Haylor,whaylor7m@taobao.com,Male
276,Sarita,Cranshaw,scranshaw7n@army.mil,Genderqueer
277,Shelden,McEnhill,smcenhill7o@qq.com,Non-binary
278,Devin,Jubb,djubb7p@independent.co.uk,Male
279,Warren,Liddyard,wliddyard7q@symantec.com,Male
280,Curry,Le Leu,cleleu7r@amazon.com,Male
281,Anabella,Westgate,awestgate7s@businessinsider.com,Female
282,Elias,Besantie,ebesantie7t@timesonline.co.uk,Male
283,Jacques,Tremathack,jtremathack7u@g.co,Male
284,Courtenay,Billyard,cbillyard7v@domainmarket.com,Female
285,Brook,Zanitti,bzanitti7w@ucla.edu,Male
286,Traver,Puckett,tpuckett7x@nytimes.com,Male
287,Paolina,Heyfield,pheyfield7y@java.com,Female
288,Elie,Gerin,egerin7z@hexun.com,Female
289,Arlie,Trusty,atrusty80@statcounter.com,Female
290,Maddie,Nolan,mnolan81@pen.io,Female
291,Harvey,Zanardii,hzanardii82@whitehouse.gov,Male
292,Ogden,McAlindon,omcalindon83@disqus.com,Male
293,Nerissa,Sachno,nsachno84@aboutads.info,Female
294,Blanca,Hadkins,bhadkins85@symantec.com,Female
295,Robbin,Cavilla,rcavilla86@cnbc.com,Female
296,Berta,Filip,bfilip87@spiegel.de,Female
297,Nial,Stollery,nstollery88@t.co,Male
298,Elka,Duchatel,educhatel89@ucoz.ru,Female
299,Anita,Fernando,afernando8a@w3.org,Female
300,Elysha,Pach,epach8b@alibaba.com,Female
301,Sven,Vasilenko,svasilenko8c@prnewswire.com,Male
302,Essa,Voice,evoice8d@topsy.com,Female
303,Myron,Lightowler,mlightowler8e@wordpress.com,Male
304,Abbe,Kaaskooper,akaaskooper8f@naver.com,Male
305,Perry,Velez,pvelez8g@diigo.com,Male
306,Radcliffe,Noyes,rnoyes8h@skype.com,Male
307,Red,Kendle,rkendle8i@angelfire.com,Bigender
308,Albert,Proom,aproom8j@mysql.com,Male
309,Christy,Fielder,cfielder8k@tmall.com,Female
310,Megan,Sposito,msposito8l@google.com.au,Genderfluid
311,Niall,MacGiolla,nmacgiolla8m@craigslist.org,Male
312,Jobie,Coutts,jcoutts8n@chron.com,Female
313,Jakob,Newarte,jnewarte8o@technorati.com,Male
314,Carce,Sparry,csparry8p@cdc.gov,Non-binary
315,Jasper,Barthrup,jbarthrup8q@paginegialle.it,Male
316,Federica,Blazej,fblazej8r@mit.edu,Female
317,Zahara,Ramiro,zramiro8s@spiegel.de,Female
318,Jacinda,Aitken,jaitken8t@nationalgeographic.com,Female
319,Abagail,Henniger,ahenniger8u@comsenz.com,Female
320,Dore,Bastable,dbastable8v@usnews.com,Female
321,Rycca,Bernette,rbernette8w@free.fr,Female
322,Sayres,Cain,scain8x@umn.edu,Male
323,Zabrina,Leasor,zleasor8y@baidu.com,Female
324,Nert,Roof,nroof8z@zimbio.com,Female
325,Marney,Duns,mduns90@wikimedia.org,Female
326,Lizbeth,Eade,leade91@youtube.com,Female
327,Abrahan,Kynforth,akynforth92@jalbum.net,Male
328,Onfre,Bore,obore93@geocities.com,Male
329,Averil,Werner,awerner94@opera.com,Male
330,Archibold,Spikeings,aspikeings95@howstuffworks.com,Agender
331,Dalton,Stronough,dstronough96@narod.ru,Bigender
332,Georgie,Pont,gpont97@pagesperso-orange.fr,Female
333,Jaymee,Fronzek,jfronzek98@pagesperso-orange.fr,Female
334,Percival,Copcott,pcopcott99@naver.com,Male
335,Griffin,Shergold,gshergold9a@360.cn,Male
336,Kalvin,Arnson,karnson9b@wordpress.org,Male
337,Inger,Pieter,ipieter9c@paypal.com,Bigender
338,Donaugh,Cloute,dcloute9d@nba.com,Male
339,Henrik,Ghilardi,hghilardi9e@yahoo.com,Male
340,Lorilyn,Sadlier,lsadlier9f@webnode.com,Female
341,Adlai,Savege,asavege9g@nasa.gov,Male
342,Nicolas,Reef,nreef9h@umich.edu,Agender
343,Gaspard,Labba,glabba9i@webeden.co.uk,Male
344,Eirena,Brou,ebrou9j@slideshare.net,Female
345,Dickie,Peasgood,dpeasgood9k@t-online.de,Male
346,Saunder,Bertelet,sbertelet9l@noaa.gov,Polygender
347,Mirella,Pendergast,mpendergast9m@godaddy.com,Female
348,Aleksandr,McAllester,amcallester9n@delicious.com,Male
349,Efren,Cockrem,ecockrem9o@whitehouse.gov,Male
350,Raul,Crone,rcrone9p@webnode.com,Male
351,Igor,McConnulty,imcconnulty9q@geocities.jp,Male
352,Brendan,Sowle,bsowle9r@nba.com,Male
353,Mathilde,McCurdy,mmccurdy9s@oracle.com,Female
354,Aarika,Cod,acod9t@tamu.edu,Female
355,Matthieu,Gatecliff,mgatecliff9u@yahoo.co.jp,Male
356,Lissi,Orrow,lorrow9v@opera.com,Female
357,Gerianna,Sterrie,gsterrie9w@admin.ch,Female
358,Rozina,Woodgate,rwoodgate9x@un.org,Female
359,Shea,Coaten,scoaten9y@prlog.org,Male
360,Stacee,Boulstridge,sboulstridge9z@themeforest.net,Female
361,Ruperta,Drogan,rdrogana0@networksolutions.com,Female
362,Dell,Skain,dskaina1@fda.gov,Female
363,Adolf,Stiling,astilinga2@ezinearticles.com,Male
364,Sly,Dantesia,sdantesiaa3@huffingtonpost.com,Male
365,Karel,Quelch,kquelcha4@meetup.com,Male
366,Almire,Epilet,aepileta5@google.cn,Female
367,Chaim,Elwill,celwilla6@nyu.edu,Male
368,Grenville,Mattussevich,gmattussevicha7@parallels.com,Male
369,Elsinore,Gunnell,egunnella8@constantcontact.com,Female
370,Janette,Noorwood,jnoorwooda9@spotify.com,Female
371,Aldus,Corish,acorishaa@boston.com,Male
372,Benny,Frantzeni,bfrantzeniab@bbc.co.uk,Female
373,Odele,Ruegg,orueggac@wiley.com,Female
374,Jemmie,Jumel,jjumelad@pcworld.com,Female
375,Annalee,Collymore,acollymoreae@sina.com.cn,Female
376,Filmer,Whall,fwhallaf@biglobe.ne.jp,Male
377,Ingra,Vasyutochkin,ivasyutochkinag@indiegogo.com,Male
378,Hannah,Lyddiatt,hlyddiattah@utexas.edu,Female
379,Tabatha,Preuvost,tpreuvostai@nbcnews.com,Female
380,Dory,Mulqueen,dmulqueenaj@narod.ru,Female
381,Anne,Ventam,aventamak@theguardian.com,Female
382,Lorens,Micklewright,lmicklewrightal@google.de,Male
383,Shepard,Dunning,sdunningam@archive.org,Male
384,Mariquilla,Cahen,mcahenan@g.co,Female
385,Moss,Di Domenico,mdidomenicoao@marriott.com,Male
386,Bram,Livermore,blivermoreap@dedecms.com,Male
387,Darci,Karlolak,dkarlolakaq@ucoz.com,Female
388,Merrill,Edon,medonar@clickbank.net,Female
389,Pen,Fisher,pfisheras@weibo.com,Male
390,Gayleen,Emmitt,gemmittat@biglobe.ne.jp,Female
391,Morry,Hurdidge,mhurdidgeau@bluehost.com,Male
392,Hollis,Crevagh,hcrevaghav@geocities.com,Male
393,Forbes,Lisle,flisleaw@wiley.com,Male
394,Dante,Pinyon,dpinyonax@cargocollective.com,Male
395,Selie,Origan,soriganay@pagesperso-orange.fr,Female
396,Roma,Quemby,rquembyaz@forbes.com,Male
397,Arlin,Simeoli,asimeolib0@java.com,Male
398,Tilly,Lazarus,tlazarusb1@wikipedia.org,Female
399,Moishe,Redmell,mredmellb2@bloglovin.com,Male
400,Stanfield,Gennings,sgenningsb3@dropbox.com,Agender
401,Kassie,Kelwick,kkelwickb4@cbslocal.com,Female
402,Ugo,O'Rodane,uorodaneb5@livejournal.com,Male
403,Lemmie,Nicholls,lnichollsb6@amazon.co.uk,Male
404,Layne,Mowbray,lmowbrayb7@webeden.co.uk,Female
405,Zara,Pymm,zpymmb8@spotify.com,Female
406,Mateo,Gudahy,mgudahyb9@devhub.com,Male
407,Clerissa,Cunnah,ccunnahba@rediff.com,Female
408,Corbin,Ranvoise,cranvoisebb@sphinn.com,Male
409,Carlotta,Dickerson,cdickersonbc@woothemes.com,Female
410,Wolf,Lathan,wlathanbd@slideshare.net,Male
411,Nert,Piolli,npiollibe@surveymonkey.com,Female
412,Ogdan,Pimblett,opimblettbf@bbb.org,Male
413,Maddi,Skellorne,mskellornebg@about.com,Female
414,Modestia,Snowsill,msnowsillbh@hibu.com,Female
415,Basilio,McGlaud,bmcglaudbi@omniture.com,Bigender
416,Wendie,Ingleby,winglebybj@engadget.com,Female
417,Yance,Avory,yavorybk@netscape.com,Male
418,Everard,Emmert,eemmertbl@cloudflare.com,Male
419,Tine,Hebbard,thebbardbm@ifeng.com,Female
420,Jorge,Percifer,jperciferbn@soundcloud.com,Male
421,Teodoor,Antrim,tantrimbo@ocn.ne.jp,Genderqueer
422,Madelina,Bice,mbicebp@ebay.co.uk,Female
423,Biddie,Parham,bparhambq@senate.gov,Female
424,Dionysus,Halvosen,dhalvosenbr@fastcompany.com,Male
425,Sada,Piburn,spiburnbs@sakura.ne.jp,Female
426,Quintina,Phidgin,qphidginbt@hexun.com,Female
427,Mabel,Faldoe,mfaldoebu@cloudflare.com,Female
428,Blane,Simpole,bsimpolebv@imdb.com,Male
429,Sunshine,Mara,smarabw@indiegogo.com,Female
430,Orelle,Lamplough,olamploughbx@dropbox.com,Female
431,Bliss,Tydd,btyddby@bluehost.com,Genderfluid
432,Darya,Plewes,dplewesbz@parallels.com,Female
433,Tanitansy,Noni,tnonic0@usatoday.com,Female
434,Ralina,Paish,rpaishc1@tumblr.com,Female
435,Stephanie,Flaxman,sflaxmanc2@whitehouse.gov,Female
436,Felic,Pesic,fpesicc3@google.com.br,Male
437,Cordie,Mayfield,cmayfieldc4@discovery.com,Non-binary
438,Winnah,Lorente,wlorentec5@amazonaws.com,Female
439,Eba,Etherson,eethersonc6@chron.com,Female
440,Gunner,Gryglewski,ggryglewskic7@amazon.com,Male
441,Karolina,Sansom,ksansomc8@smh.com.au,Female
442,Brina,Vaudin,bvaudinc9@hibu.com,Female
443,Daveta,Cardwell,dcardwellca@tuttocitta.it,Female
444,Adina,Ewbanks,aewbankscb@etsy.com,Female
445,Lenee,Zealander,lzealandercc@gnu.org,Female
446,Ardath,Harber,aharbercd@mac.com,Genderfluid
447,Honor,Yanyushkin,hyanyushkince@vk.com,Female
448,Aurilia,Wilder,awildercf@google.com,Female
449,Cazzie,Smail,csmailcg@indiegogo.com,Male
450,Marice,Madgewick,mmadgewickch@google.nl,Female
451,Brnaby,Dunkerly,bdunkerlyci@xinhuanet.com,Male
452,Persis,Walak,pwalakcj@msn.com,Female
453,Taffy,Hazle,thazleck@ihg.com,Female
454,Edithe,Rhymer,erhymercl@adobe.com,Female
455,Bendix,MacFaell,bmacfaellcm@nih.gov,Male
456,Quentin,Blundell,qblundellcn@discovery.com,Female
457,Edgardo,Newcome,enewcomeco@businessweek.com,Male
458,Katusha,Moses,kmosescp@state.gov,Non-binary
459,Mata,Cantero,mcanterocq@dot.gov,Male
460,Luce,Janous,ljanouscr@pen.io,Male
461,Ester,Pigny,epignycs@is.gd,Female
462,Loleta,Trenear,ltrenearct@jalbum.net,Female
463,Virge,Bockings,vbockingscu@skyrock.com,Male
464,Eward,Revington,erevingtoncv@is.gd,Male
465,Noby,Balkwill,nbalkwillcw@ucsd.edu,Male
466,Ashil,Starford,astarfordcx@npr.org,Female
467,Kerry,McFadden,kmcfaddency@pbs.org,Male
468,Ailee,Garley,agarleycz@dot.gov,Female
469,Blancha,Cockland,bcocklandd0@goo.ne.jp,Female
470,Brook,Shinton,bshintond1@engadget.com,Male
471,Adriane,Dugmore,adugmored2@google.cn,Female
472,Husein,Schapero,hschaperod3@cdc.gov,Male
473,Janessa,Crewdson,jcrewdsond4@apache.org,Female
474,Edouard,Culy,eculyd5@weibo.com,Male
475,Emanuel,O'Fallon,eofallond6@gmpg.org,Genderfluid
476,Ker,Elloy,kelloyd7@craigslist.org,Male
477,Minor,Durno,mdurnod8@ucoz.ru,Male
478,North,Reedy,nreedyd9@nhs.uk,Male
479,Rock,Creegan,rcreeganda@sitemeter.com,Male
480,Benjamen,Slimings,bslimingsdb@lulu.com,Male
481,Den,Boddymead,dboddymeaddc@phpbb.com,Male
482,Ronnie,Banane,rbananedd@zimbio.com,Female
483,Nancee,Revelle,nrevellede@gravatar.com,Female
484,Bibi,Fiddiman,bfiddimandf@etsy.com,Female
485,Blane,Mines,bminesdg@scribd.com,Male
486,Celie,Drinkhall,cdrinkhalldh@wordpress.org,Female
487,Benjie,Matzaitis,bmatzaitisdi@cafepress.com,Male
488,Gloriane,Pointer,gpointerdj@paypal.com,Female
489,Mattias,Aubry,maubrydk@fda.gov,Male
490,Emmanuel,Le Friec,elefriecdl@utexas.edu,Male
491,Orv,Bradforth,obradforthdm@indiegogo.com,Male
492,Sibylla,Canton,scantondn@youtube.com,Female
493,Rosemarie,Baxill,rbaxilldo@ucsd.edu,Female
494,Issi,Parmeter,iparmeterdp@github.com,Female
495,Clarey,Bygrove,cbygrovedq@google.co.uk,Female
496,Glenden,Castells,gcastellsdr@dedecms.com,Male
497,Asia,Benkhe,abenkheds@cornell.edu,Female
498,Analise,Frankiss,afrankissdt@nationalgeographic.com,Female
499,Cordey,Berzen,cberzendu@storify.com,Female
500,Jackie,Squires,jsquiresdv@narod.ru,Male
501,Theresina,Rizzo,trizzodw@buzzfeed.com,Female
502,Elva,Warnock,ewarnockdx@shinystat.com,Female
503,Caren,Mowson,cmowsondy@mysql.com,Female
504,Gaby,Quantick,gquantickdz@google.co.uk,Female
505,Yehudit,Hush,yhushe0@discovery.com,Male
506,Wainwright,Barnewelle,wbarnewellee1@jalbum.net,Male
507,Finlay,Annes,fannese2@1und1.de,Agender
508,Avril,Poltone,apoltonee3@wix.com,Female
509,Annetta,Laval,alavale4@rakuten.co.jp,Female
510,Chaddie,Rumble,crumblee5@google.com,Male
511,Salvatore,Goult,sgoulte6@mac.com,Male
512,Clare,Credland,ccredlande7@bing.com,Male
513,Mallissa,Heers,mheerse8@constantcontact.com,Female
514,Gifford,Eagland,geaglande9@admin.ch,Male
515,Corby,Cahalin,ccahalinea@desdev.cn,Male
516,Frankie,Anyon,fanyoneb@adobe.com,Female
517,Donetta,Skirrow,dskirrowec@google.nl,Female
518,Tracey,McCrow,tmccrowed@vimeo.com,Polygender
519,Federica,Bowry,fbowryee@icq.com,Female
520,Elfrieda,Flade,efladeef@so-net.ne.jp,Female
521,Penn,Arnaldo,parnaldoeg@webmd.com,Male
522,Emelen,Barhams,ebarhamseh@statcounter.com,Male
523,Keen,Kneesha,kkneeshaei@indiatimes.com,Male
524,Gunilla,Allmond,gallmondej@opera.com,Female
525,Adelaida,Kenyon,akenyonek@si.edu,Female
526,Glenna,Elham,gelhamel@slashdot.org,Genderqueer
527,Raleigh,Itzik,ritzikem@slideshare.net,Male
528,Marcie,McKerlie,mmckerlieen@homestead.com,Female
529,Cathy,Bowdidge,cbowdidgeeo@constantcontact.com,Female
530,Dennie,Farleigh,dfarleighep@utexas.edu,Male
531,Vally,Laimable,vlaimableeq@nih.gov,Female
532,Klaus,Kingaby,kkingabyer@plala.or.jp,Male
533,Marielle,Lapping,mlappinges@earthlink.net,Non-binary
534,Gay,Beatson,gbeatsonet@networksolutions.com,Male
535,Lolita,Padkin,lpadkineu@japanpost.jp,Female
536,Kimberley,Sellick,ksellickev@tripod.com,Female
537,Jeffie,Messruther,jmessrutherew@uol.com.br,Polygender
538,David,Edensor,dedensorex@is.gd,Male
539,Lyman,Jeaycock,ljeaycockey@whitehouse.gov,Male
540,Caril,Blamphin,cblamphinez@wired.com,Female
541,Alena,Danielkiewicz,adanielkiewiczf0@pcworld.com,Female
542,Orlan,Dorr,odorrf1@desdev.cn,Agender
543,Dillon,Ilive,dilivef2@google.co.jp,Male
544,Candi,Lissaman,clissamanf3@ucoz.ru,Female
545,Wallace,Eastcott,weastcottf4@msn.com,Male
546,Celeste,Pyburn,cpyburnf5@ca.gov,Agender
547,Meryl,Bewly,mbewlyf6@spiegel.de,Male
548,Godiva,Mcwhinnie,gmcwhinnief7@huffingtonpost.com,Female
549,Callean,Sallnow,csallnowf8@i2i.jp,Male
550,Linnea,Jacob,ljacobf9@time.com,Female
551,Ronda,Cranston,rcranstonfa@spotify.com,Female
552,Nadine,Alfonsini,nalfonsinifb@scribd.com,Female
553,Adham,Sneezem,asneezemfc@cbc.ca,Male
554,Scott,Futcher,sfutcherfd@w3.org,Male
555,Gerri,Rossetti,grossettife@usa.gov,Genderfluid
556,Eloisa,Konertz,ekonertzff@mozilla.com,Non-binary
557,Joyann,Dunmuir,jdunmuirfg@github.io,Female
558,Gail,Lovemore,glovemorefh@msu.edu,Male
559,Ossie,Zimmermanns,ozimmermannsfi@stanford.edu,Genderfluid
560,Rodger,Jarrelt,rjarreltfj@usnews.com,Male
561,Trixie,Lamers,tlamersfk@purevolume.com,Agender
562,Ambros,Pascow,apascowfl@symantec.com,Male
563,Emlyn,Baudy,ebaudyfm@google.nl,Female
564,Chick,Hepher,chepherfn@telegraph.co.uk,Male
565,Reinhold,Calcutt,rcalcuttfo@yelp.com,Male
566,Sharleen,Warby,swarbyfp@networkadvertising.org,Female
567,Barri,Botterell,bbotterellfq@joomla.org,Male
568,Violante,Menat,vmenatfr@dailymotion.com,Female
569,Reeta,Cuddihy,rcuddihyfs@army.mil,Female
570,Dione,Guslon,dguslonft@moonfruit.com,Female
571,Della,Forrestill,dforrestillfu@flavors.me,Female
572,Antoine,Ferrarin,aferrarinfv@google.com.au,Male
573,Ab,Maccrea,amaccreafw@weather.com,Male
574,Leroi,Broomhall,lbroomhallfx@mysql.com,Male
575,Lind,Stickley,lstickleyfy@epa.gov,Female
576,Saw,Ritson,sritsonfz@hostgator.com,Male
577,Jeth,Cartmael,jcartmaelg0@dmoz.org,Male
578,Allister,Pykett,apykettg1@deliciousdays.com,Male
579,Karylin,Fagence,kfagenceg2@acquirethisname.com,Female
580,Cherry,Nusche,cnuscheg3@ycombinator.com,Female
581,Beth,Teanby,bteanbyg4@shareasale.com,Female
582,Ruperta,Scraggs,rscraggsg5@ning.com,Female
583,Carola,Grunguer,cgrunguerg6@chronoengine.com,Female
584,Tammy,Keeney,tkeeneyg7@mit.edu,Female
585,Ernest,Banbrigge,ebanbriggeg8@tripod.com,Male
586,Sumner,Mougeot,smougeotg9@bizjournals.com,Male
587,Sheilah,Helsby,shelsbyga@joomla.org,Female
588,Adolpho,Casero,acaserogb@cdc.gov,Male
589,Betsy,Hugle,bhuglegc@opensource.org,Female
590,Melli,Stoacley,mstoacleygd@smh.com.au,Female
591,Garrot,Rignold,grignoldge@linkedin.com,Male
592,Brunhilde,Colcutt,bcolcuttgf@lycos.com,Female
593,Biddy,Allanson,ballansongg@telegraph.co.uk,Female
594,Israel,Jeavon,ijeavongh@geocities.jp,Male
595,Hamish,Crawshay,hcrawshaygi@google.fr,Male
596,Maxy,Kick,mkickgj@tmall.com,Male
597,Arney,Sails,asailsgk@xinhuanet.com,Male
598,Dahlia,Magor,dmagorgl@sina.com.cn,Female
599,Abel,Raubheim,araubheimgm@amazon.co.uk,Male
600,Lynnell,Cheer,lcheergn@stanford.edu,Female
601,Arturo,Stelfox,astelfoxgo@blogger.com,Male
602,Wilden,Thouless,wthoulessgp@psu.edu,Male
603,Darelle,Dore,ddoregq@opera.com,Female
604,Edgard,Rabbatts,erabbattsgr@wp.com,Male
605,Orland,Fass,ofassgs@mapquest.com,Male
606,Eimile,Reilingen,ereilingengt@sciencedirect.com,Female
607,Bobine,Rosbrough,brosbroughgu@bloglines.com,Female
608,Tresa,Detoile,tdetoilegv@cdbaby.com,Female
609,Packston,Cottam,pcottamgw@simplemachines.org,Male
610,Kingsly,Baudou,kbaudougx@jiathis.com,Male
611,Jackie,Lightwing,jlightwinggy@ft.com,Male
612,Cathrine,Papen,cpapengz@sina.com.cn,Female
613,Yasmin,Tregona,ytregonah0@nymag.com,Female
614,Jase,Hexam,jhexamh1@is.gd,Male
615,Billy,Botwood,bbotwoodh2@paginegialle.it,Male
616,Hayward,Fuchs,hfuchsh3@nbcnews.com,Male
617,Nonna,Desmond,ndesmondh4@jiathis.com,Female
618,Milicent,Sommerling,msommerlingh5@macromedia.com,Female
619,Tracey,Cornels,tcornelsh6@unblog.fr,Male
620,Winslow,Mohun,wmohunh7@kickstarter.com,Genderfluid
621,Otto,Macak,omacakh8@weather.com,Male
622,Audrie,Moxstead,amoxsteadh9@sciencedaily.com,Female
623,Michaela,Andrioli,mandrioliha@netvibes.com,Female
624,Arly,Deniscke,adenisckehb@smugmug.com,Female
625,Ky,Purdey,kpurdeyhc@dion.ne.jp,Male
626,Ambrosius,Vannuccini,avannuccinihd@paginegialle.it,Male
627,Ephraim,Edelmann,eedelmannhe@networksolutions.com,Male
628,Mercie,Polo,mpolohf@nature.com,Female
629,Vania,Boddam,vboddamhg@indiatimes.com,Female
630,Gayler,Paszek,gpaszekhh@merriam-webster.com,Male
631,Dorrie,Kopfer,dkopferhi@smh.com.au,Genderfluid
632,Fidole,Peacocke,fpeacockehj@google.ru,Male
633,Ines,Gircke,igirckehk@youku.com,Female
634,Rhys,Scammonden,rscammondenhl@youtube.com,Male
635,Angel,Thorrington,athorringtonhm@slashdot.org,Agender
636,Tobye,Biffin,tbiffinhn@oakley.com,Female
637,Bentlee,Stevings,bstevingsho@ox.ac.uk,Male
638,Winne,Mainwaring,wmainwaringhp@toplist.cz,Female
639,John,O'Connel,joconnelhq@umich.edu,Male
640,Lilly,Andreini,landreinihr@nydailynews.com,Female
641,Pam,Denny,pdennyhs@cocolog-nifty.com,Female
642,Peadar,Chasmer,pchasmerht@soup.io,Male
643,Jesus,Grzeskowski,jgrzeskowskihu@jigsy.com,Male
644,Ludovika,Bonallick,lbonallickhv@ucoz.ru,Female
645,Colman,Marklin,cmarklinhw@drupal.org,Male
646,Lesley,Wenderoth,lwenderothhx@admin.ch,Male
647,Fredra,Workman,fworkmanhy@fotki.com,Female
648,Valli,Khidr,vkhidrhz@usatoday.com,Female
649,Marijn,Beardall,mbeardalli0@addtoany.com,Male
650,Lazar,Leggate,lleggatei1@ocn.ne.jp,Male
651,Armin,Drysdale,adrysdalei2@cocolog-nifty.com,Male
652,Berri,Petrelli,bpetrellii3@harvard.edu,Female
653,Lauren,Ratie,lratiei4@reddit.com,Female
654,Pail,Clarey,pclareyi5@blog.com,Male
655,Ringo,Dunkerley,rdunkerleyi6@odnoklassniki.ru,Male
656,Kalvin,Pashba,kpashbai7@addtoany.com,Male
657,Kimberlyn,Weston,kwestoni8@squidoo.com,Female
658,Ardeen,Sackey,asackeyi9@europa.eu,Genderfluid
659,Nealon,Doumenc,ndoumencia@cnn.com,Bigender
660,Constantin,Bellelli,cbellelliib@cdbaby.com,Male
661,Millisent,Colquhoun,mcolquhounic@prlog.org,Female
662,Gilda,Diter,gditerid@networkadvertising.org,Female
663,Lou,Letch,lletchie@va.gov,Male
664,Sileas,Dumphry,sdumphryif@usnews.com,Female
665,Peadar,Di Carlo,pdicarloig@jugem.jp,Male
666,Barry,Scrivener,bscrivenerih@whitehouse.gov,Male
667,Bidget,Maylard,bmaylardii@wordpress.org,Agender
668,Brigham,Fruin,bfruinij@altervista.org,Male
669,Ive,Playfoot,iplayfootik@istockphoto.com,Male
670,Lukas,Baptiste,lbaptisteil@linkedin.com,Male
671,Willie,Yarwood,wyarwoodim@latimes.com,Male
672,Jyoti,Aberchirder,jaberchirderin@tinypic.com,Female
673,Murry,Hawkeridge,mhawkeridgeio@exblog.jp,Male
674,Binni,Oldham,boldhamip@paypal.com,Female
675,Galvin,Yarr,gyarriq@comsenz.com,Male
676,Jacky,Furzey,jfurzeyir@microsoft.com,Female
677,Margit,Goodby,mgoodbyis@so-net.ne.jp,Female
678,Kirk,Birdsall,kbirdsallit@opensource.org,Male
679,Liz,Seldon,lseldoniu@t.co,Female
680,Sigvard,Cersey,scerseyiv@cnn.com,Non-binary
681,Artus,Yair,ayairiw@mapy.cz,Male
682,Lorens,Peirpoint,lpeirpointix@hexun.com,Male
683,Jeannie,Saffe,jsaffeiy@about.me,Female
684,Karia,Wesson,kwessoniz@oracle.com,Female
685,Orlando,Norcross,onorcrossj0@sourceforge.net,Male
686,Cindee,Currao,ccurraoj1@xinhuanet.com,Female
687,Pearle,Barwis,pbarwisj2@wufoo.com,Female
688,Emmett,Blunsom,eblunsomj3@thetimes.co.uk,Male
689,Page,Copper,pcopperj4@hp.com,Female
690,Winona,Shingfield,wshingfieldj5@delicious.com,Female
691,Wyn,Oleszcuk,woleszcukj6@dmoz.org,Male
692,Anastasie,Doumer,adoumerj7@macromedia.com,Female
693,Lily,Solman,lsolmanj8@flickr.com,Female
694,Brooks,Abbado,babbadoj9@yelp.com,Genderfluid
695,Den,Saltsberger,dsaltsbergerja@miibeian.gov.cn,Male
696,Allix,Stobbe,astobbejb@dropbox.com,Female
697,Noby,Cavy,ncavyjc@squarespace.com,Male
698,Dorothee,Prattin,dprattinjd@sfgate.com,Female
699,Aretha,Banbrigge,abanbriggeje@utexas.edu,Female
700,Giuditta,Oswal,goswaljf@list-manage.com,Female
701,Nahum,Faulkner,nfaulknerjg@yellowpages.com,Male
702,Pancho,Farbrother,pfarbrotherjh@ed.gov,Male
703,Tim,Brockway,tbrockwayji@barnesandnoble.com,Male
704,Nike,Stegell,nstegelljj@bloglines.com,Female
705,Shelly,Ffrench,sffrenchjk@bloglines.com,Female
706,Hamlen,Benditt,hbendittjl@bluehost.com,Male
707,Benjamin,Conant,bconantjm@amazonaws.com,Male
708,Dov,Bennetts,dbennettsjn@nature.com,Male
709,Duncan,Delagnes,ddelagnesjo@telegraph.co.uk,Male
710,Verile,Jarville,vjarvillejp@webeden.co.uk,Female
711,Tristam,Sciusscietto,tsciussciettojq@mail.ru,Male
712,Martyn,Jewell,mjewelljr@skype.com,Male
713,Fran,Dun,fdunjs@flickr.com,Female
714,Kelci,Gibbin,kgibbinjt@slashdot.org,Female
715,Tome,Galtone,tgaltoneju@admin.ch,Male
716,Astrid,Grob,agrobjv@soundcloud.com,Female
717,Giorgi,Venditti,gvendittijw@nsw.gov.au,Male
718,Dean,Chinnery,dchinneryjx@macromedia.com,Male
719,Bar,Armit,barmitjy@hp.com,Male
720,Dorian,Quig,dquigjz@smugmug.com,Male
721,Aldo,Siviter,asiviterk0@phpbb.com,Male
722,Silvan,Thewlis,sthewlisk1@bing.com,Male
723,Florida,Terrell,fterrellk2@unicef.org,Female
724,Claudio,Annesley,cannesleyk3@wisc.edu,Male
725,Orazio,Appleby,oapplebyk4@pen.io,Male
726,Ben,Hurford,bhurfordk5@stumbleupon.com,Male
727,Marketa,Sweetlove,msweetlovek6@hao123.com,Female
728,Chery,St. Clair,cstclairk7@ft.com,Female
729,Cosmo,Spreadbury,cspreadburyk8@comcast.net,Male
730,Josephine,Fredy,jfredyk9@g.co,Female
731,Parry,Tithacott,ptithacottka@bbc.co.uk,Male
732,Tyler,Curness,tcurnesskb@umich.edu,Genderfluid
733,Johann,Sibthorp,jsibthorpkc@auda.org.au,Male
734,Udale,Brushneen,ubrushneenkd@prnewswire.com,Male
735,Shir,Stood,sstoodke@timesonline.co.uk,Genderfluid
736,Edeline,Blewis,eblewiskf@accuweather.com,Female
737,Stevena,Hamshaw,shamshawkg@alexa.com,Female
738,Franni,Yerrall,fyerrallkh@ox.ac.uk,Female
739,Mart,Tuckey,mtuckeyki@acquirethisname.com,Male
740,Wynne,Penswick,wpenswickkj@google.com.au,Female
741,Yovonnda,Alderson,yaldersonkk@wiley.com,Female
742,Marijn,Delahunt,mdelahuntkl@yelp.com,Male
743,Eal,Meltetal,emeltetalkm@loc.gov,Male
744,Alexander,Goacher,agoacherkn@goo.gl,Male
745,Adan,Chazelas,achazelasko@npr.org,Male
746,Rozanna,Collum,rcollumkp@goodreads.com,Female
747,Malissia,Castillon,mcastillonkq@gravatar.com,Female
748,Anderea,Cariss,acarisskr@yahoo.co.jp,Female
749,Helene,Jerche,hjercheks@yellowpages.com,Genderfluid
750,Adelbert,Allett,aallettkt@omniture.com,Male
751,Justinian,Lutsch,jlutschku@ovh.net,Male
752,Alister,Saywood,asaywoodkv@un.org,Male
753,Carlen,Drewett,cdrewettkw@amazon.co.jp,Female
754,Sandy,Reboul,sreboulkx@cam.ac.uk,Male
755,Percy,Sharrier,psharrierky@free.fr,Male
756,Emanuele,Acott,eacottkz@domainmarket.com,Male
757,Irwinn,Ridgers,iridgersl0@vimeo.com,Male
758,Drugi,Northley,dnorthleyl1@upenn.edu,Agender
759,Krissy,Noriega,knoriegal2@statcounter.com,Female
760,Meridel,Balaison,mbalaisonl3@gizmodo.com,Female
761,Alecia,O'Lenechan,aolenechanl4@ucla.edu,Female
762,Bellina,Morilla,bmorillal5@merriam-webster.com,Female
763,Stephen,Longthorne,slongthornel6@goo.ne.jp,Male
764,Spense,Drain,sdrainl7@infoseek.co.jp,Male
765,Mannie,Ensten,menstenl8@clickbank.net,Male
766,Alexandre,Bolam,abolaml9@csmonitor.com,Male
767,Curran,Mattityahou,cmattityahoula@prlog.org,Male
768,Kenny,MacEntee,kmacenteelb@booking.com,Male
769,Dacy,Hallihane,dhallihanelc@photobucket.com,Female
770,Korrie,Pettisall,kpettisallld@imgur.com,Female
771,Rosabella,Soppit,rsoppitle@washington.edu,Female
772,Callean,Wagstaffe,cwagstaffelf@vimeo.com,Male
773,Lorne,Aslie,laslielg@eepurl.com,Male
774,Ransell,Dive,rdivelh@netvibes.com,Male
775,Viviyan,De Ruggiero,vderuggieroli@bigcartel.com,Female
776,Bibbie,Bilbery,bbilberylj@rambler.ru,Female
777,Nap,Fritchly,nfritchlylk@zimbio.com,Male
778,Antoni,Truitt,atruittll@bloglines.com,Male
779,Rose,Boyn,rboynlm@theglobeandmail.com,Female
780,Margalo,Clear,mclearln@wsj.com,Polygender
781,Romain,Dennett,rdennettlo@vimeo.com,Male
782,Adelheid,Alebrooke,aalebrookelp@liveinternet.ru,Female
783,Jaime,Llewellin,jllewellinlq@4shared.com,Male
784,Mame,Betty,mbettylr@e-recht24.de,Female
785,Willa,Vasilenko,wvasilenkols@yellowpages.com,Female
786,Sandye,Cattini,scattinilt@youtube.com,Female
787,Jeramie,Doughill,jdoughilllu@cmu.edu,Male
788,Shawna,Bardwell,sbardwelllv@mozilla.com,Female
789,Doll,Parade,dparadelw@blog.com,Female
790,Kate,Grayley,kgrayleylx@seesaa.net,Female
791,Revkah,Binham,rbinhamly@cyberchimps.com,Female
792,Ingrim,Ludman,iludmanlz@buzzfeed.com,Male
793,Ofella,Keeves,okeevesm0@rediff.com,Female
794,Philippa,Slimings,pslimingsm1@creativecommons.org,Female
795,Charlie,Gaggen,cgaggenm2@wiley.com,Male
796,Whitby,Ruilton,wruiltonm3@lulu.com,Male
797,Ewell,O'Hartagan,eohartaganm4@ycombinator.com,Male
798,Conney,Bowmer,cbowmerm5@usgs.gov,Male
799,Alan,Paulon,apaulonm6@constantcontact.com,Male
800,Joyce,Simonds,jsimondsm7@pcworld.com,Female
801,Wallas,Fernando,wfernandom8@slashdot.org,Male
802,Rock,Heintzsch,rheintzschm9@techcrunch.com,Male
803,Darcie,Ivison,divisonma@cdc.gov,Female
804,Cletis,Cosins,ccosinsmb@mac.com,Male
805,York,Flaws,yflawsmc@digg.com,Male
806,Oswell,Yukhnin,oyukhninmd@about.me,Polygender
807,Micky,Colliar,mcolliarme@ed.gov,Male
808,Mellie,Marchbank,mmarchbankmf@free.fr,Female
809,Hale,O' Markey,homarkeymg@eepurl.com,Male
810,Darrick,Spendley,dspendleymh@china.com.cn,Male
811,Lincoln,Kasher,lkashermi@miibeian.gov.cn,Male
812,Matthus,Hovie,mhoviemj@blogger.com,Male
813,Ailee,Jerrolt,ajerroltmk@vkontakte.ru,Female
814,Carri,Dalrymple,cdalrympleml@virginia.edu,Female
815,Quentin,Flatt,qflattmm@dropbox.com,Female
816,Haskell,Cadore,hcadoremn@macromedia.com,Genderfluid
817,Jerry,Lathaye,jlathayemo@seesaa.net,Male
818,Lindsey,Twinbrow,ltwinbrowmp@123-reg.co.uk,Female
819,Ban,Linke,blinkemq@angelfire.com,Male
820,Christy,Thickin,cthickinmr@pbs.org,Male
821,Cristie,Guillford,cguillfordms@google.com,Female
822,Jess,Kidman,jkidmanmt@auda.org.au,Female
823,Claudianus,Brandacci,cbrandaccimu@imdb.com,Male
824,Addy,Karolovsky,akarolovskymv@jugem.jp,Male
825,Lou,Rubenovic,lrubenovicmw@yelp.com,Female
826,Shermy,McDonough,smcdonoughmx@admin.ch,Male
827,Rozella,Headon,rheadonmy@nih.gov,Female
828,Dugald,Haseley,dhaseleymz@scribd.com,Male
829,Beale,Hedin,bhedinn0@ted.com,Male
830,Greer,Pook,gpookn1@ovh.net,Female
831,Maurice,Cameli,mcamelin2@icq.com,Male
832,Asia,Lewnden,alewndenn3@macromedia.com,Female
833,Derick,McFeate,dmcfeaten4@reuters.com,Male
834,Adolf,Verner,avernern5@ask.com,Male
835,Vitia,Sandifer,vsandifern6@amazon.co.jp,Female
836,Franny,Menham,fmenhamn7@salon.com,Male
837,Biddy,Gummie,bgummien8@so-net.ne.jp,Female
838,Kandy,Jarrold,kjarroldn9@zimbio.com,Female
839,Daveta,Shoppee,dshoppeena@europa.eu,Female
840,Baxter,Peirazzi,bpeirazzinb@taobao.com,Male
841,Bill,Banister,bbanisternc@kickstarter.com,Female
842,Karia,Schubert,kschubertnd@angelfire.com,Genderfluid
843,Nanine,Bannell,nbannellne@whitehouse.gov,Female
844,Oates,Jackalin,ojackalinnf@privacy.gov.au,Male
845,Wolfy,Gilchrist,wgilchristng@dedecms.com,Agender
846,Raquela,Baily,rbailynh@ucla.edu,Female
847,Zachariah,Kellog,zkellogni@trellian.com,Male
848,Brittne,Plom,bplomnj@utexas.edu,Female
849,Ely,Arunowicz,earunowicznk@amazon.co.jp,Male
850,Lolita,Kubin,lkubinnl@mozilla.com,Female
851,Mufi,Piet,mpietnm@livejournal.com,Female
852,Walsh,Caren,wcarennn@squidoo.com,Agender
853,Briano,Simondson,bsimondsonno@columbia.edu,Non-binary
854,Giulietta,Dowdam,gdowdamnp@bbb.org,Female
855,Filmer,MacKettrick,fmackettricknq@posterous.com,Male
856,Orazio,Coultar,ocoultarnr@webnode.com,Male
857,Jordon,Gerriets,jgerrietsns@flickr.com,Male
858,Bayard,Rosenbush,brosenbushnt@purevolume.com,Male
859,Jillian,Southall,jsouthallnu@liveinternet.ru,Agender
860,Abbie,Tsarovic,atsarovicnv@mediafire.com,Female
861,Warden,Ball,wballnw@typepad.com,Male
862,Loralee,Creany,lcreanynx@mozilla.org,Female
863,Tildi,Beecroft,tbeecroftny@phpbb.com,Female
864,Lindsy,Jekel,ljekelnz@pagesperso-orange.fr,Female
865,Caldwell,Denne,cdenneo0@google.es,Male
866,Bent,Sterndale,bsterndaleo1@sakura.ne.jp,Male
867,Ludovico,Oakenfield,loakenfieldo2@blogspot.com,Male
868,Tonie,Lanahan,tlanahano3@smh.com.au,Female
869,Hewett,Seczyk,hseczyko4@alibaba.com,Male
870,Lauri,Glusby,lglusbyo5@jalbum.net,Female
871,Rafferty,Erickssen,rericksseno6@wix.com,Male
872,Silas,Paskin,spaskino7@scribd.com,Male
873,Sibilla,Alaway,salawayo8@live.com,Female
874,Erl,Hails,ehailso9@elegantthemes.com,Male
875,Lem,Cheale,lchealeoa@harvard.edu,Male
876,Kris,Alexis,kalexisob@imdb.com,Female
877,Isak,Hallede,ihalledeoc@51.la,Male
878,Jeannie,Pamplin,jpamplinod@youtube.com,Female
879,Lura,Josephov,ljosephovoe@abc.net.au,Female
880,Fanechka,Bacon,fbaconof@biglobe.ne.jp,Female
881,Shurwood,Mournian,smournianog@bluehost.com,Male
882,Jeremie,Bierton,jbiertonoh@surveymonkey.com,Male
883,Reginald,Quipp,rquippoi@icio.us,Male
884,Phillip,Brader,pbraderoj@chron.com,Male
885,Dacy,Kitchen,dkitchenok@zdnet.com,Female
886,Curry,Ingleson,cinglesonol@reference.com,Male
887,Genia,Bickerstaff,gbickerstaffom@imageshack.us,Female
888,Arabelle,Lello,alelloon@feedburner.com,Female
889,Bartholomeus,Haker,bhakeroo@cafepress.com,Male
890,Papageno,Tamburo,ptamburoop@reddit.com,Male
891,Ki,Harber,kharberoq@tamu.edu,Female
892,Blondelle,Hardaway,bhardawayor@youtube.com,Female
893,Marja,Revance,mrevanceos@wordpress.org,Female
894,Roth,Yurov,ryurovot@flavors.me,Male
895,Flss,Peaurt,fpeaurtou@webnode.com,Female
896,Tabor,Trimble,ttrimbleov@clickbank.net,Male
897,Clarence,De Few,cdefewow@blogtalkradio.com,Male
898,Amabelle,Stapylton,astapyltonox@plala.or.jp,Female
899,Dalis,Hoofe,dhoofeoy@networkadvertising.org,Non-binary
900,Ferrell,Rabbatts,frabbattsoz@usa.gov,Male
901,Derrik,Toppin,dtoppinp0@reference.com,Male
902,Charlton,Livermore,clivermorep1@salon.com,Male
903,Augy,Pepineaux,apepineauxp2@hp.com,Male
904,Lucine,Ivoshin,livoshinp3@mashable.com,Female
905,Shelley,Muggleston,smugglestonp4@unc.edu,Female
906,Orsa,Abrashkin,oabrashkinp5@europa.eu,Female
907,Tailor,Cuardall,tcuardallp6@devhub.com,Male
908,Ninetta,Dun,ndunp7@163.com,Female
909,Judon,Madre,jmadrep8@nymag.com,Male
910,Dallis,Sunley,dsunleyp9@google.com.hk,Non-binary
911,Yehudit,Cottage,ycottagepa@dmoz.org,Male
912,Barton,Purdey,bpurdeypb@diigo.com,Male
913,Staci,Ashingden,sashingdenpc@washington.edu,Female
914,Tina,Lyven,tlyvenpd@google.com.hk,Female
915,Annmaria,Pashler,apashlerpe@drupal.org,Female
916,Rozamond,Ravelus,rraveluspf@wikispaces.com,Female
917,Mariam,Rosenzveig,mrosenzveigpg@shareasale.com,Female
918,Whitney,Noonan,wnoonanph@go.com,Male
919,Garrard,Damrell,gdamrellpi@scientificamerican.com,Male
920,Trumaine,Edgecombe,tedgecombepj@alibaba.com,Male
921,Celestina,Kolakovic,ckolakovicpk@stanford.edu,Female
922,Eddi,Pye,epyepl@ustream.tv,Female
923,Lorelei,Titterton,ltittertonpm@rakuten.co.jp,Non-binary
924,Salomone,Francombe,sfrancombepn@infoseek.co.jp,Male
925,Jerrie,Crutcher,jcrutcherpo@github.com,Male
926,Estevan,Larn,elarnpp@trellian.com,Male
927,Rene,Thackham,rthackhampq@yelp.com,Female
928,Boone,Winward,bwinwardpr@facebook.com,Male
929,Boycey,Bineham,bbinehamps@nature.com,Agender
930,Darell,Goves,dgovespt@twitter.com,Female
931,Artemas,Snowding,asnowdingpu@feedburner.com,Male
932,Hal,Crus,hcruspv@whitehouse.gov,Male
933,Danica,Billingham,dbillinghampw@imgur.com,Female
934,Abelard,Rannigan,aranniganpx@edublogs.org,Male
935,Crin,Ashfield,cashfieldpy@weather.com,Female
936,Gard,Di Batista,gdibatistapz@aboutads.info,Male
937,Ruprecht,Biernat,rbiernatq0@amazonaws.com,Male
938,Vivyan,Poznan,vpoznanq1@ftc.gov,Female
939,Nowell,Darcey,ndarceyq2@google.ca,Male
940,Marcela,Cornejo,mcornejoq3@pen.io,Female
941,Jordan,Tonbridge,jtonbridgeq4@mapquest.com,Male
942,Elysee,O'Carran,eocarranq5@pagesperso-orange.fr,Female
943,Twyla,Longland,tlonglandq6@ca.gov,Female
944,Dagmar,Skirling,dskirlingq7@apache.org,Female
945,Rosy,Seegar,rseegarq8@bloglovin.com,Female
946,Arnoldo,Demonge,ademongeq9@europa.eu,Male
947,Xever,Berrycloth,xberryclothqa@patch.com,Male
948,Athene,Peggram,apeggramqb@reuters.com,Female
949,Melessa,Rushsorth,mrushsorthqc@columbia.edu,Female
950,Cornelle,Chilver,cchilverqd@trellian.com,Female
951,Allyn,Burges,aburgesqe@privacy.gov.au,Female
952,Dyanne,Breffit,dbreffitqf@yellowbook.com,Bigender
953,Georgie,Reisen,greisenqg@mediafire.com,Female
954,Mathias,Lawford,mlawfordqh@goodreads.com,Male
955,Maurie,Johl,mjohlqi@dailymail.co.uk,Male
956,Leandra,Duerdin,lduerdinqj@baidu.com,Female
957,Rikki,Chese,rcheseqk@acquirethisname.com,Female
958,Hetti,Frede,hfredeql@netlog.com,Female
959,Cozmo,Venable,cvenableqm@icio.us,Male
960,Kahaleel,Spavins,kspavinsqn@indiegogo.com,Male
961,Burke,Boughton,bboughtonqo@springer.com,Male
962,Florian,Rochford,frochfordqp@home.pl,Agender
963,Wynne,Nowaczyk,wnowaczykqq@dion.ne.jp,Female
964,Kessiah,Mahaddie,kmahaddieqr@mac.com,Female
965,Allard,Eddleston,aeddlestonqs@unblog.fr,Male
966,Sax,Waylen,swaylenqt@simplemachines.org,Male
967,Nester,Fine,nfinequ@hc360.com,Male
968,Nevins,Ferraresi,nferraresiqv@godaddy.com,Male
969,Cairistiona,Woolnough,cwoolnoughqw@joomla.org,Female
970,Avrit,Martin,amartinqx@blinklist.com,Female
971,Antoine,Gateshill,agateshillqy@goodreads.com,Male
972,Harriet,Brigg,hbriggqz@google.com.au,Female
973,Davon,Poyner,dpoynerr0@businessweek.com,Polygender
974,Gabrielle,Pinkney,gpinkneyr1@va.gov,Female
975,Everard,Abbs,eabbsr2@free.fr,Male
976,Pail,Besse,pbesser3@sciencedaily.com,Male
977,Mal,Jacobbe,mjacobber4@barnesandnoble.com,Male
978,Emilie,Akast,eakastr5@gnu.org,Female
979,Ashton,Livesay,alivesayr6@myspace.com,Male
980,Eli,Borgesio,eborgesior7@army.mil,Genderqueer
981,Mechelle,Darte,mdarter8@wired.com,Female
982,Jamil,Le Batteur,jlebatteurr9@usda.gov,Male
983,Josi,Spellsworth,jspellsworthra@last.fm,Female
984,Pollyanna,Croote,pcrooterb@diigo.com,Bigender
985,Odelinda,Pedroni,opedronirc@uiuc.edu,Female
986,Briano,Blencowe,bblencowerd@cyberchimps.com,Male
987,Rosalinda,Kaplan,rkaplanre@reverbnation.com,Female
988,Berke,Scarasbrick,bscarasbrickrf@dropbox.com,Male
989,Hilario,Botfield,hbotfieldrg@networksolutions.com,Non-binary
990,Lanie,Wallwork,lwallworkrh@blogspot.com,Male
991,Webb,Towle,wtowleri@wisc.edu,Male
992,Margaretha,Willerton,mwillertonrj@google.pl,Female
993,Coleen,Heelis,cheelisrk@godaddy.com,Female
994,Flossy,Cicconetti,fcicconettirl@netlog.com,Female
995,Patton,Enriquez,penriquezrm@dot.gov,Male
996,Rayshell,Gogie,rgogiern@over-blog.com,Female
997,Marigold,Bagot,mbagotro@oracle.com,Female
998,Pru,Kenan,pkenanrp@simplemachines.org,Female
999,Reena,McIlmurray,rmcilmurrayrq@bluehost.com,Female
1000,Andy,Cattel,acattelrr@home.pl,Male
